file,line,type,commit,author,date,time,timezone,datetime,depth,length
style.css,1,css,67dd0b2a,Keilani Li,2025-09-29,22:52:56,-07:00,2025-09-29T22:52:56-07:00,0,4
style.css,2,css,67dd0b2a,Keilani Li,2025-09-29,22:52:56,-07:00,2025-09-29T22:52:56-07:00,2,23
style.css,3,css,a0fecfd4,Keilani Li,2025-10-08,18:47:10,-07:00,2025-10-08T18:47:10-07:00,2,15
style.css,4,css,a0fecfd4,Keilani Li,2025-10-08,18:47:10,-07:00,2025-10-08T18:47:10-07:00,2,42
style.css,5,css,4324cd10,Keilani Li,2025-10-08,19:19:12,-07:00,2025-10-08T19:19:12-07:00,2,11
style.css,6,css,374ede74,Keilani Li,2025-10-08,19:53:46,-07:00,2025-10-08T19:53:46-07:00,0,0
style.css,7,css,374ede74,Keilani Li,2025-10-08,19:53:46,-07:00,2025-10-08T19:53:46-07:00,0,0
style.css,8,css,374ede74,Keilani Li,2025-10-08,19:53:46,-07:00,2025-10-08T19:53:46-07:00,0,3
style.css,9,css,374ede74,Keilani Li,2025-10-08,19:53:46,-07:00,2025-10-08T19:53:46-07:00,2,12
style.css,10,css,19657d44,Keilani Li,2025-10-08,20:42:27,-07:00,2025-10-08T20:42:27-07:00,2,18
style.css,11,css,7092fa1f,Keilani Li,2025-10-14,17:10:40,-07:00,2025-10-14T17:10:40-07:00,2,39
style.css,12,css,d3c9106e,Keilani Li,2025-10-08,20:02:18,-07:00,2025-10-08T20:02:18-07:00,2,23
style.css,13,css,d3c9106e,Keilani Li,2025-10-08,20:02:18,-07:00,2025-10-08T20:02:18-07:00,2,25
style.css,14,css,7092fa1f,Keilani Li,2025-10-14,17:10:40,-07:00,2025-10-14T17:10:40-07:00,2,39
style.css,15,css,19657d44,Keilani Li,2025-10-08,20:42:27,-07:00,2025-10-08T20:42:27-07:00,0,0
style.css,16,css,19657d44,Keilani Li,2025-10-08,20:42:27,-07:00,2025-10-08T20:42:27-07:00,0,0
style.css,17,css,109238b8,Keilani Li,2025-10-08,20:49:28,-07:00,2025-10-08T20:49:28-07:00,0,4
style.css,18,css,109238b8,Keilani Li,2025-10-08,20:49:28,-07:00,2025-10-08T20:49:28-07:00,2,34
style.css,19,css,109238b8,Keilani Li,2025-10-08,20:49:28,-07:00,2025-10-08T20:49:28-07:00,2,32
style.css,20,css,7c677dd7,Keilani Li,2025-10-14,17:06:09,-07:00,2025-10-14T17:06:09-07:00,2,23
style.css,21,css,d3c9106e,Keilani Li,2025-10-08,20:02:18,-07:00,2025-10-08T20:02:18-07:00,0,0
style.css,22,css,d3c9106e,Keilani Li,2025-10-08,20:02:18,-07:00,2025-10-08T20:02:18-07:00,0,0
style.css,23,css,d3c9106e,Keilani Li,2025-10-08,20:02:18,-07:00,2025-10-08T20:02:18-07:00,0,5
style.css,24,css,d3c9106e,Keilani Li,2025-10-08,20:02:18,-07:00,2025-10-08T20:02:18-07:00,2,6
style.css,25,css,d3c9106e,Keilani Li,2025-10-08,20:02:18,-07:00,2025-10-08T20:02:18-07:00,2,20
style.css,26,css,d3c9106e,Keilani Li,2025-10-08,20:02:18,-07:00,2025-10-08T20:02:18-07:00,2,13
style.css,27,css,d3c9106e,Keilani Li,2025-10-08,20:02:18,-07:00,2025-10-08T20:02:18-07:00,2,17
style.css,28,css,d3c9106e,Keilani Li,2025-10-08,20:02:18,-07:00,2025-10-08T20:02:18-07:00,2,13
style.css,29,css,3b0c6012,Keilani Li,2025-10-09,23:47:12,-07:00,2025-10-09T23:47:12-07:00,2,35
style.css,30,css,d3c9106e,Keilani Li,2025-10-08,20:02:18,-07:00,2025-10-08T20:02:18-07:00,0,0
style.css,31,css,d3c9106e,Keilani Li,2025-10-08,20:02:18,-07:00,2025-10-08T20:02:18-07:00,0,0
style.css,32,css,109238b8,Keilani Li,2025-10-08,20:49:28,-07:00,2025-10-08T20:49:28-07:00,0,13
style.css,33,css,12d80874,Keilani Li,2025-10-14,17:19:27,-07:00,2025-10-14T17:19:27-07:00,2,69
style.css,34,css,5bcb22e9,Keilani Li,2025-10-08,21:05:18,-07:00,2025-10-08T21:05:18-07:00,2,20
style.css,35,css,580fcb36,Keilani Li,2025-10-10,22:40:40,-07:00,2025-10-10T22:40:40-07:00,2,43
style.css,36,css,109238b8,Keilani Li,2025-10-08,20:49:28,-07:00,2025-10-08T20:49:28-07:00,0,0
style.css,37,css,109238b8,Keilani Li,2025-10-08,20:49:28,-07:00,2025-10-08T20:49:28-07:00,0,0
style.css,38,css,28655862,Keilani Li,2025-10-08,20:55:35,-07:00,2025-10-08T20:55:35-07:00,0,11
style.css,39,css,28655862,Keilani Li,2025-10-08,20:55:35,-07:00,2025-10-08T20:55:35-07:00,2,39
style.css,40,css,7092fa1f,Keilani Li,2025-10-14,17:10:40,-07:00,2025-10-14T17:10:40-07:00,2,69
style.css,41,css,28655862,Keilani Li,2025-10-08,20:55:35,-07:00,2025-10-08T20:55:35-07:00,0,0
style.css,42,css,28655862,Keilani Li,2025-10-08,20:55:35,-07:00,2025-10-08T20:55:35-07:00,0,0
style.css,43,css,6f96039d,Keilani Li,2025-10-14,18:05:45,-07:00,2025-10-14T18:05:45-07:00,0,31
style.css,44,css,28655862,Keilani Li,2025-10-08,20:55:35,-07:00,2025-10-08T20:55:35-07:00,2,12
style.css,45,css,28655862,Keilani Li,2025-10-08,20:55:35,-07:00,2025-10-08T20:55:35-07:00,0,0
style.css,46,css,28655862,Keilani Li,2025-10-08,20:55:35,-07:00,2025-10-08T20:55:35-07:00,0,0
style.css,47,css,28655862,Keilani Li,2025-10-08,20:55:35,-07:00,2025-10-08T20:55:35-07:00,0,4
style.css,48,css,6e4ac1e0,Keilani Li,2025-10-08,21:20:30,-07:00,2025-10-08T21:20:30-07:00,2,12
style.css,49,css,6e4ac1e0,Keilani Li,2025-10-08,21:20:30,-07:00,2025-10-08T21:20:30-07:00,2,30
style.css,50,css,6e4ac1e0,Keilani Li,2025-10-08,21:20:30,-07:00,2025-10-08T21:20:30-07:00,2,7
style.css,51,css,6e4ac1e0,Keilani Li,2025-10-08,21:20:30,-07:00,2025-10-08T21:20:30-07:00,0,0
style.css,52,css,6e4ac1e0,Keilani Li,2025-10-08,21:20:30,-07:00,2025-10-08T21:20:30-07:00,0,0
style.css,53,css,614bf823,Keilani Li,2025-10-08,21:28:57,-07:00,2025-10-08T21:28:57-07:00,0,10
style.css,54,css,614bf823,Keilani Li,2025-10-08,21:28:57,-07:00,2025-10-08T21:28:57-07:00,2,12
style.css,55,css,614bf823,Keilani Li,2025-10-08,21:28:57,-07:00,2025-10-08T21:28:57-07:00,2,29
style.css,56,css,0445d7c9,Keilani Li,2025-10-15,11:21:59,-07:00,2025-10-15T11:21:59-07:00,2,18
style.css,57,css,0445d7c9,Keilani Li,2025-10-15,11:21:59,-07:00,2025-10-15T11:21:59-07:00,0,0
style.css,58,css,0445d7c9,Keilani Li,2025-10-15,11:21:59,-07:00,2025-10-15T11:21:59-07:00,0,0
style.css,59,css,22202931,Keilani Li,2025-10-22,20:53:24,-07:00,2025-10-22T20:53:24-07:00,0,11
style.css,60,css,614bf823,Keilani Li,2025-10-08,21:28:57,-07:00,2025-10-08T21:28:57-07:00,2,18
style.css,61,css,22202931,Keilani Li,2025-10-22,20:53:24,-07:00,2025-10-22T20:53:24-07:00,2,17
style.css,62,css,22202931,Keilani Li,2025-10-22,20:53:24,-07:00,2025-10-22T20:53:24-07:00,2,13
style.css,63,css,22202931,Keilani Li,2025-10-22,20:53:24,-07:00,2025-10-22T20:53:24-07:00,0,0
style.css,64,css,614bf823,Keilani Li,2025-10-08,21:28:57,-07:00,2025-10-08T21:28:57-07:00,0,0
style.css,65,css,6e4ac1e0,Keilani Li,2025-10-08,21:20:30,-07:00,2025-10-08T21:20:30-07:00,0,9
style.css,66,css,6e4ac1e0,Keilani Li,2025-10-08,21:20:30,-07:00,2025-10-08T21:20:30-07:00,2,12
style.css,67,css,72574137,Keilani Li,2025-10-09,23:32:33,-07:00,2025-10-09T23:32:33-07:00,2,58
style.css,68,css,e58fc8a9,Keilani Li,2025-10-09,23:51:34,-07:00,2025-10-09T23:51:34-07:00,2,7
style.css,69,css,6e4ac1e0,Keilani Li,2025-10-08,21:20:30,-07:00,2025-10-08T21:20:30-07:00,0,0
style.css,70,css,6e4ac1e0,Keilani Li,2025-10-08,21:20:30,-07:00,2025-10-08T21:20:30-07:00,0,0
style.css,71,css,c3e500c5,Keilani Li,2025-10-22,20:49:00,-07:00,2025-10-22T20:49:00-07:00,0,20
style.css,72,css,6e4ac1e0,Keilani Li,2025-10-08,21:20:30,-07:00,2025-10-08T21:20:30-07:00,2,26
style.css,73,css,6e4ac1e0,Keilani Li,2025-10-08,21:20:30,-07:00,2025-10-08T21:20:30-07:00,2,15
style.css,74,css,6e4ac1e0,Keilani Li,2025-10-08,21:20:30,-07:00,2025-10-08T21:20:30-07:00,2,7
style.css,75,css,c3e500c5,Keilani Li,2025-10-22,20:49:00,-07:00,2025-10-22T20:49:00-07:00,0,2
style.css,76,css,c3e500c5,Keilani Li,2025-10-22,20:49:00,-07:00,2025-10-22T20:49:00-07:00,0,0
style.css,77,css,c3e500c5,Keilani Li,2025-10-22,20:49:00,-07:00,2025-10-22T20:49:00-07:00,0,22
style.css,78,css,c3e500c5,Keilani Li,2025-10-22,20:49:00,-07:00,2025-10-22T20:49:00-07:00,2,15
style.css,79,css,c3e500c5,Keilani Li,2025-10-22,20:49:00,-07:00,2025-10-22T20:49:00-07:00,2,17
style.css,80,css,6e4ac1e0,Keilani Li,2025-10-08,21:20:30,-07:00,2025-10-08T21:20:30-07:00,0,0
style.css,81,css,6e4ac1e0,Keilani Li,2025-10-08,21:20:30,-07:00,2025-10-08T21:20:30-07:00,0,0
style.css,82,css,c3e500c5,Keilani Li,2025-10-22,20:49:00,-07:00,2025-10-22T20:49:00-07:00,0,2
style.css,83,css,fc9b6155,Keilani Li,2025-10-10,02:24:19,-07:00,2025-10-10T02:24:19-07:00,2,43
style.css,84,css,fc9b6155,Keilani Li,2025-10-10,02:24:19,-07:00,2025-10-10T02:24:19-07:00,2,21
style.css,85,css,6e4ac1e0,Keilani Li,2025-10-08,21:20:30,-07:00,2025-10-08T21:20:30-07:00,0,0
style.css,86,css,6e4ac1e0,Keilani Li,2025-10-08,21:20:30,-07:00,2025-10-08T21:20:30-07:00,0,0
style.css,87,css,c3e500c5,Keilani Li,2025-10-22,20:49:00,-07:00,2025-10-22T20:49:00-07:00,0,2
style.css,88,css,c3e500c5,Keilani Li,2025-10-22,20:49:00,-07:00,2025-10-22T20:49:00-07:00,2,76
style.css,89,css,c3e500c5,Keilani Li,2025-10-22,20:49:00,-07:00,2025-10-22T20:49:00-07:00,2,21
style.css,90,css,e39bb8a8,Keilani Li,2025-10-10,00:08:15,-07:00,2025-10-10T00:08:15-07:00,0,0
style.css,91,css,e39bb8a8,Keilani Li,2025-10-10,00:08:15,-07:00,2025-10-10T00:08:15-07:00,0,0
style.css,92,css,5f531f9d,Keilani Li,2025-10-10,00:45:59,-07:00,2025-10-10T00:45:59-07:00,0,10
style.css,93,css,8f2b7ecb,Keilani Li,2025-10-10,00:18:53,-07:00,2025-10-10T00:18:53-07:00,2,15
style.css,94,css,bf319a0c,Keilani Li,2025-10-15,00:28:44,-07:00,2025-10-15T00:28:44-07:00,2,31
style.css,95,css,8f2b7ecb,Keilani Li,2025-10-10,00:18:53,-07:00,2025-10-10T00:18:53-07:00,2,24
style.css,96,css,eb2cf38e,Keilani Li,2025-10-10,01:26:40,-07:00,2025-10-10T01:26:40-07:00,2,14
style.css,97,css,8f2b7ecb,Keilani Li,2025-10-10,00:18:53,-07:00,2025-10-10T00:18:53-07:00,2,9
style.css,98,css,8f2b7ecb,Keilani Li,2025-10-10,00:18:53,-07:00,2025-10-10T00:18:53-07:00,0,0
style.css,99,css,8f2b7ecb,Keilani Li,2025-10-10,00:18:53,-07:00,2025-10-10T00:18:53-07:00,0,0
style.css,100,css,5f531f9d,Keilani Li,2025-10-10,00:45:59,-07:00,2025-10-10T00:45:59-07:00,0,10
style.css,101,css,7aa35100,Keilani Li,2025-10-10,01:13:54,-07:00,2025-10-10T01:13:54-07:00,2,12
style.css,102,css,ba10e037,Keilani Li,2025-10-10,01:33:19,-07:00,2025-10-10T01:33:19-07:00,2,12
style.css,103,css,ba10e037,Keilani Li,2025-10-10,01:33:19,-07:00,2025-10-10T01:33:19-07:00,2,14
style.css,104,css,ba10e037,Keilani Li,2025-10-10,01:33:19,-07:00,2025-10-10T01:33:19-07:00,2,9
style.css,105,css,ba10e037,Keilani Li,2025-10-10,01:33:19,-07:00,2025-10-10T01:33:19-07:00,2,29
style.css,106,css,c4487e05,Keilani Li,2025-10-22,22:17:12,-07:00,2025-10-22T22:17:12-07:00,2,18
style.css,107,css,8f2b7ecb,Keilani Li,2025-10-10,00:18:53,-07:00,2025-10-10T00:18:53-07:00,0,0
style.css,108,css,8f2b7ecb,Keilani Li,2025-10-10,00:18:53,-07:00,2025-10-10T00:18:53-07:00,0,0
style.css,109,css,dca78474,Keilani Li,2025-10-10,02:09:06,-07:00,2025-10-10T02:09:06-07:00,0,12
style.css,110,css,bf319a0c,Keilani Li,2025-10-15,00:28:44,-07:00,2025-10-15T00:28:44-07:00,2,13
style.css,111,css,5eb3a3f9,Keilani Li,2025-10-14,23:46:59,-07:00,2025-10-14T23:46:59-07:00,2,20
style.css,112,css,dca78474,Keilani Li,2025-10-10,02:09:06,-07:00,2025-10-10T02:09:06-07:00,0,0
style.css,113,css,dca78474,Keilani Li,2025-10-10,02:09:06,-07:00,2025-10-10T02:09:06-07:00,0,0
style.css,114,css,dca78474,Keilani Li,2025-10-10,02:09:06,-07:00,2025-10-10T02:09:06-07:00,0,18
style.css,115,css,e77ba6d3,Keilani Li,2025-10-10,02:13:49,-07:00,2025-10-10T02:13:49-07:00,1,25
style.css,116,css,dca78474,Keilani Li,2025-10-10,02:09:06,-07:00,2025-10-10T02:09:06-07:00,1,25
style.css,117,css,dca78474,Keilani Li,2025-10-10,02:09:06,-07:00,2025-10-10T02:09:06-07:00,0,0
style.css,118,css,dca78474,Keilani Li,2025-10-10,02:09:06,-07:00,2025-10-10T02:09:06-07:00,0,0
style.css,119,css,32a2fe48,Keilani Li,2025-10-15,20:25:01,-07:00,2025-10-15T20:25:01-07:00,0,9
style.css,120,css,32a2fe48,Keilani Li,2025-10-15,20:25:01,-07:00,2025-10-15T20:25:01-07:00,2,8
style.css,121,css,32a2fe48,Keilani Li,2025-10-15,20:25:01,-07:00,2025-10-15T20:25:01-07:00,2,9
style.css,122,css,32a2fe48,Keilani Li,2025-10-15,20:25:01,-07:00,2025-10-15T20:25:01-07:00,0,0
style.css,123,css,32a2fe48,Keilani Li,2025-10-15,20:25:01,-07:00,2025-10-15T20:25:01-07:00,0,0
style.css,124,css,5f531f9d,Keilani Li,2025-10-10,00:45:59,-07:00,2025-10-10T00:45:59-07:00,0,10
style.css,125,css,f25dbd1c,Keilani Li,2025-10-10,00:29:28,-07:00,2025-10-10T00:29:28-07:00,2,12
style.css,126,css,f25dbd1c,Keilani Li,2025-10-10,00:29:28,-07:00,2025-10-10T00:29:28-07:00,2,17
style.css,127,css,f25dbd1c,Keilani Li,2025-10-10,00:29:28,-07:00,2025-10-10T00:29:28-07:00,2,18
style.css,128,css,6f96039d,Keilani Li,2025-10-14,18:05:45,-07:00,2025-10-14T18:05:45-07:00,0,0
style.css,129,css,6f96039d,Keilani Li,2025-10-14,18:05:45,-07:00,2025-10-14T18:05:45-07:00,0,0
style.css,130,css,6f96039d,Keilani Li,2025-10-14,18:05:45,-07:00,2025-10-14T18:05:45-07:00,0,13
style.css,131,css,6f96039d,Keilani Li,2025-10-14,18:05:45,-07:00,2025-10-14T18:05:45-07:00,2,17
style.css,132,css,6f96039d,Keilani Li,2025-10-14,18:05:45,-07:00,2025-10-14T18:05:45-07:00,2,13
style.css,133,css,6f96039d,Keilani Li,2025-10-14,18:05:45,-07:00,2025-10-14T18:05:45-07:00,2,8
style.css,134,css,6f96039d,Keilani Li,2025-10-14,18:05:45,-07:00,2025-10-14T18:05:45-07:00,2,10
style.css,135,css,051fe930,Keilani Li,2025-10-22,18:19:16,-07:00,2025-10-22T18:19:16-07:00,0,0
style.css,136,css,051fe930,Keilani Li,2025-10-22,18:19:16,-07:00,2025-10-22T18:19:16-07:00,0,0
style.css,137,css,398d2267,Keilani Li,2025-10-31,19:24:58,-07:00,2025-10-31T19:24:58-07:00,0,16
style.css,138,css,051fe930,Keilani Li,2025-10-22,18:19:16,-07:00,2025-10-22T18:19:16-07:00,0,17
style.css,139,css,051fe930,Keilani Li,2025-10-22,18:19:16,-07:00,2025-10-22T18:19:16-07:00,2,12
style.css,140,css,051fe930,Keilani Li,2025-10-22,18:19:16,-07:00,2025-10-22T18:19:16-07:00,2,36
style.css,141,css,051fe930,Keilani Li,2025-10-22,18:19:16,-07:00,2025-10-22T18:19:16-07:00,0,0
style.css,142,css,051fe930,Keilani Li,2025-10-22,18:19:16,-07:00,2025-10-22T18:19:16-07:00,0,0
style.css,143,css,051fe930,Keilani Li,2025-10-22,18:19:16,-07:00,2025-10-22T18:19:16-07:00,0,17
style.css,144,css,051fe930,Keilani Li,2025-10-22,18:19:16,-07:00,2025-10-22T18:19:16-07:00,2,10
style.css,145,css,051fe930,Keilani Li,2025-10-22,18:19:16,-07:00,2025-10-22T18:19:16-07:00,0,0
style.css,146,css,051fe930,Keilani Li,2025-10-22,18:19:16,-07:00,2025-10-22T18:19:16-07:00,0,0
style.css,147,css,051fe930,Keilani Li,2025-10-22,18:19:16,-07:00,2025-10-22T18:19:16-07:00,0,17
style.css,148,css,051fe930,Keilani Li,2025-10-22,18:19:16,-07:00,2025-10-22T18:19:16-07:00,2,10
style.css,149,css,394d6ba3,Keilani Li,2025-10-29,16:38:20,-07:00,2025-10-29T16:38:20-07:00,0,0
style.css,150,css,394d6ba3,Keilani Li,2025-10-29,16:38:20,-07:00,2025-10-29T16:38:20-07:00,0,0
style.css,151,css,398d2267,Keilani Li,2025-10-31,19:24:58,-07:00,2025-10-31T19:24:58-07:00,0,13
style.css,152,css,cb9d6a2a,Keilani Li,2025-10-31,21:27:45,-07:00,2025-10-31T21:27:45-07:00,0,14
style.css,153,css,398d2267,Keilani Li,2025-10-31,19:24:58,-07:00,2025-10-31T19:24:58-07:00,2,14
style.css,154,css,398d2267,Keilani Li,2025-10-31,19:24:58,-07:00,2025-10-31T19:24:58-07:00,2,16
style.css,155,css,398d2267,Keilani Li,2025-10-31,19:24:58,-07:00,2025-10-31T19:24:58-07:00,2,16
style.css,156,css,9d3f0189,Keilani Li,2025-10-29,21:49:44,-07:00,2025-10-29T21:49:44-07:00,0,0
style.css,157,css,9d3f0189,Keilani Li,2025-10-29,21:49:44,-07:00,2025-10-29T21:49:44-07:00,0,0
style.css,158,css,9d3f0189,Keilani Li,2025-10-29,21:49:44,-07:00,2025-10-29T21:49:44-07:00,0,10
style.css,159,css,9d3f0189,Keilani Li,2025-10-29,21:49:44,-07:00,2025-10-29T21:49:44-07:00,2,12
style.css,160,css,9d3f0189,Keilani Li,2025-10-29,21:49:44,-07:00,2025-10-29T21:49:44-07:00,2,18
style.css,161,css,9d3f0189,Keilani Li,2025-10-29,21:49:44,-07:00,2025-10-29T21:49:44-07:00,2,7
style.css,162,css,9d3f0189,Keilani Li,2025-10-29,21:49:44,-07:00,2025-10-29T21:49:44-07:00,2,15
style.css,163,css,9d3f0189,Keilani Li,2025-10-29,21:49:44,-07:00,2025-10-29T21:49:44-07:00,0,0
style.css,164,css,9d3f0189,Keilani Li,2025-10-29,21:49:44,-07:00,2025-10-29T21:49:44-07:00,0,0
style.css,165,css,398d2267,Keilani Li,2025-10-31,19:24:58,-07:00,2025-10-31T19:24:58-07:00,0,10
style.css,166,css,9d3f0189,Keilani Li,2025-10-29,21:49:44,-07:00,2025-10-29T21:49:44-07:00,0,7
style.css,167,css,9d3f0189,Keilani Li,2025-10-29,21:49:44,-07:00,2025-10-29T21:49:44-07:00,1,12
style.css,168,css,9d3f0189,Keilani Li,2025-10-29,21:49:44,-07:00,2025-10-29T21:49:44-07:00,1,57
style.css,169,css,9d3f0189,Keilani Li,2025-10-29,21:49:44,-07:00,2025-10-29T21:49:44-07:00,1,15
style.css,170,css,9d3f0189,Keilani Li,2025-10-29,21:49:44,-07:00,2025-10-29T21:49:44-07:00,1,11
style.css,171,css,9d3f0189,Keilani Li,2025-10-29,21:49:44,-07:00,2025-10-29T21:49:44-07:00,1,8
style.css,172,css,9d3f0189,Keilani Li,2025-10-29,21:49:44,-07:00,2025-10-29T21:49:44-07:00,1,21
style.css,173,css,9d3f0189,Keilani Li,2025-10-29,21:49:44,-07:00,2025-10-29T21:49:44-07:00,1,17
style.css,174,css,9d3f0189,Keilani Li,2025-10-29,21:49:44,-07:00,2025-10-29T21:49:44-07:00,1,6
style.css,175,css,9d3f0189,Keilani Li,2025-10-29,21:49:44,-07:00,2025-10-29T21:49:44-07:00,1,9
style.css,176,css,9d3f0189,Keilani Li,2025-10-29,21:49:44,-07:00,2025-10-29T21:49:44-07:00,0,0
style.css,177,css,9d3f0189,Keilani Li,2025-10-29,21:49:44,-07:00,2025-10-29T21:49:44-07:00,0,0
style.css,178,css,9d3f0189,Keilani Li,2025-10-29,21:49:44,-07:00,2025-10-29T21:49:44-07:00,0,10
style.css,179,css,9d3f0189,Keilani Li,2025-10-29,21:49:44,-07:00,2025-10-29T21:49:44-07:00,1,12
style.css,180,css,9d3f0189,Keilani Li,2025-10-29,21:49:44,-07:00,2025-10-29T21:49:44-07:00,1,18
style.css,181,css,9d3f0189,Keilani Li,2025-10-29,21:49:44,-07:00,2025-10-29T21:49:44-07:00,1,10
style.css,182,css,cb9d6a2a,Keilani Li,2025-10-31,21:27:45,-07:00,2025-10-31T21:27:45-07:00,1,14
style.css,183,css,9d3f0189,Keilani Li,2025-10-29,21:49:44,-07:00,2025-10-29T21:49:44-07:00,0,0
style.css,184,css,9d3f0189,Keilani Li,2025-10-29,21:49:44,-07:00,2025-10-29T21:49:44-07:00,0,0
style.css,185,css,9d3f0189,Keilani Li,2025-10-29,21:49:44,-07:00,2025-10-29T21:49:44-07:00,0,18
style.css,186,css,9d3f0189,Keilani Li,2025-10-29,21:49:44,-07:00,2025-10-29T21:49:44-07:00,1,9
style.css,187,css,9d3f0189,Keilani Li,2025-10-29,21:49:44,-07:00,2025-10-29T21:49:44-07:00,1,10
style.css,188,css,9d3f0189,Keilani Li,2025-10-29,21:49:44,-07:00,2025-10-29T21:49:44-07:00,1,29
style.css,189,css,9d3f0189,Keilani Li,2025-10-29,21:49:44,-07:00,2025-10-29T21:49:44-07:00,1,17
style.css,190,css,9d3f0189,Keilani Li,2025-10-29,21:49:44,-07:00,2025-10-29T21:49:44-07:00,1,20
style.css,191,css,9d3f0189,Keilani Li,2025-10-29,21:49:44,-07:00,2025-10-29T21:49:44-07:00,0,0
style.css,192,css,b3081ca7,Keilani Li,2025-10-31,19:09:28,-07:00,2025-10-31T19:09:28-07:00,0,0
style.css,193,css,b3081ca7,Keilani Li,2025-10-31,19:09:28,-07:00,2025-10-31T19:09:28-07:00,0,17
style.css,194,css,b3081ca7,Keilani Li,2025-10-31,19:09:28,-07:00,2025-10-31T19:09:28-07:00,1,16
style.css,195,css,b3081ca7,Keilani Li,2025-10-31,19:09:28,-07:00,2025-10-31T19:09:28-07:00,2,11
style.css,196,css,b3081ca7,Keilani Li,2025-10-31,19:09:28,-07:00,2025-10-31T19:09:28-07:00,1,0
style.css,197,css,b3081ca7,Keilani Li,2025-10-31,19:09:28,-07:00,2025-10-31T19:09:28-07:00,0,0
style.css,198,css,b3081ca7,Keilani Li,2025-10-31,19:09:28,-07:00,2025-10-31T19:09:28-07:00,0,0
style.css,199,css,b3081ca7,Keilani Li,2025-10-31,19:09:28,-07:00,2025-10-31T19:09:28-07:00,0,4
style.css,200,css,b3081ca7,Keilani Li,2025-10-31,19:09:28,-07:00,2025-10-31T19:09:28-07:00,1,16
style.css,201,css,b3081ca7,Keilani Li,2025-10-31,19:09:28,-07:00,2025-10-31T19:09:28-07:00,1,14
style.css,202,css,b3081ca7,Keilani Li,2025-10-31,19:09:28,-07:00,2025-10-31T19:09:28-07:00,0,0
style.css,203,css,b3081ca7,Keilani Li,2025-10-31,19:09:28,-07:00,2025-10-31T19:09:28-07:00,0,0
style.css,204,css,b3081ca7,Keilani Li,2025-10-31,19:09:28,-07:00,2025-10-31T19:09:28-07:00,0,9
style.css,205,css,b3081ca7,Keilani Li,2025-10-31,19:09:28,-07:00,2025-10-31T19:09:28-07:00,1,49
style.css,206,css,b3081ca7,Keilani Li,2025-10-31,19:09:28,-07:00,2025-10-31T19:09:28-07:00,0,0
style.css,207,css,b3081ca7,Keilani Li,2025-10-31,19:09:28,-07:00,2025-10-31T19:09:28-07:00,1,10
style.css,208,css,b3081ca7,Keilani Li,2025-10-31,19:09:28,-07:00,2025-10-31T19:09:28-07:00,2,17
style.css,209,css,b3081ca7,Keilani Li,2025-10-31,19:09:28,-07:00,2025-10-31T19:09:28-07:00,1,0
style.css,210,css,b3081ca7,Keilani Li,2025-10-31,19:09:28,-07:00,2025-10-31T19:09:28-07:00,0,0
index.js,1,js,fe5a2d62,Keilani Li,2025-10-22,17:19:41,-07:00,2025-10-22T17:19:41-07:00,0,71
index.js,2,js,fe5a2d62,Keilani Li,2025-10-22,17:19:41,-07:00,2025-10-22T17:19:41-07:00,0,0
index.js,3,js,5a0aa147,Keilani Li,2025-10-22,18:28:25,-07:00,2025-10-22T18:28:25-07:00,0,13
index.js,4,js,fc41eba2,Keilani Li,2025-10-22,17:34:47,-07:00,2025-10-22T17:34:47-07:00,0,54
index.js,5,js,fe5a2d62,Keilani Li,2025-10-22,17:19:41,-07:00,2025-10-22T17:19:41-07:00,0,0
index.js,6,js,5a0aa147,Keilani Li,2025-10-22,18:28:25,-07:00,2025-10-22T18:28:25-07:00,0,42
index.js,7,js,fe5a2d62,Keilani Li,2025-10-22,17:19:41,-07:00,2025-10-22T17:19:41-07:00,0,60
index.js,8,js,54d03ebb,Keilani Li,2025-10-22,22:26:35,-07:00,2025-10-22T22:26:35-07:00,0,54
index.js,9,js,051fe930,Keilani Li,2025-10-22,18:19:16,-07:00,2025-10-22T18:19:16-07:00,0,0
index.js,10,js,5a0aa147,Keilani Li,2025-10-22,18:28:25,-07:00,2025-10-22T18:28:25-07:00,0,17
index.js,11,js,051fe930,Keilani Li,2025-10-22,18:19:16,-07:00,2025-10-22T18:19:16-07:00,0,50
index.js,12,js,051fe930,Keilani Li,2025-10-22,18:19:16,-07:00,2025-10-22T18:19:16-07:00,0,60
index.js,13,js,051fe930,Keilani Li,2025-10-22,18:19:16,-07:00,2025-10-22T18:19:16-07:00,0,0
index.js,14,js,051fe930,Keilani Li,2025-10-22,18:19:16,-07:00,2025-10-22T18:19:16-07:00,0,17
index.js,15,js,051fe930,Keilani Li,2025-10-22,18:19:16,-07:00,2025-10-22T18:19:16-07:00,2,24
index.js,16,js,e4074395,Keilani Li,2025-10-22,22:56:43,-07:00,2025-10-22T22:56:43-07:00,4,22
index.js,17,js,051fe930,Keilani Li,2025-10-22,18:19:16,-07:00,2025-10-22T18:19:16-07:00,4,2
index.js,18,js,051fe930,Keilani Li,2025-10-22,18:19:16,-07:00,2025-10-22T18:19:16-07:00,6,55
index.js,19,js,051fe930,Keilani Li,2025-10-22,18:19:16,-07:00,2025-10-22T18:19:16-07:00,6,55
index.js,20,js,051fe930,Keilani Li,2025-10-22,18:19:16,-07:00,2025-10-22T18:19:16-07:00,6,49
index.js,21,js,051fe930,Keilani Li,2025-10-22,18:19:16,-07:00,2025-10-22T18:19:16-07:00,6,49
index.js,22,js,051fe930,Keilani Li,2025-10-22,18:19:16,-07:00,2025-10-22T18:19:16-07:00,4,3
index.js,23,js,051fe930,Keilani Li,2025-10-22,18:19:16,-07:00,2025-10-22T18:19:16-07:00,2,0
index.js,24,js,051fe930,Keilani Li,2025-10-22,18:19:16,-07:00,2025-10-22T18:19:16-07:00,0,0
index.html,1,html,134c61d9,Keilani Li,2025-09-29,21:43:41,-07:00,2025-09-29T21:43:41-07:00,0,13
index.html,2,html,134c61d9,Keilani Li,2025-09-29,21:43:41,-07:00,2025-09-29T21:43:41-07:00,0,14
index.html,3,html,134c61d9,Keilani Li,2025-09-29,21:43:41,-07:00,2025-09-29T21:43:41-07:00,0,4
index.html,4,html,134c61d9,Keilani Li,2025-09-29,21:43:41,-07:00,2025-09-29T21:43:41-07:00,2,20
index.html,5,html,134c61d9,Keilani Li,2025-09-29,21:43:41,-07:00,2025-09-29T21:43:41-07:00,2,68
index.html,6,html,9b8d35a7,Keilani Li,2025-10-15,20:38:00,-07:00,2025-10-15T20:38:00-07:00,2,57
index.html,7,html,2d5aeda7,Keilani Li,2025-09-29,23:39:16,-07:00,2025-09-29T23:39:16-07:00,2,42
index.html,8,html,0b5c15dc,Keilani Li,2025-10-13,15:18:34,-07:00,2025-10-13T15:18:34-07:00,2,49
index.html,9,html,21024dbd,Keilani Li,2025-10-22,17:44:23,-07:00,2025-10-22T17:44:23-07:00,2,54
index.html,10,html,134c61d9,Keilani Li,2025-09-29,21:43:41,-07:00,2025-09-29T21:43:41-07:00,0,5
index.html,11,html,134c61d9,Keilani Li,2025-09-29,21:43:41,-07:00,2025-09-29T21:43:41-07:00,0,4
index.html,12,html,c47e2628,Keilani Li,2025-09-30,00:50:27,-07:00,2025-09-30T00:50:27-07:00,2,17
index.html,13,html,c47e2628,Keilani Li,2025-09-30,00:50:27,-07:00,2025-09-30T00:50:27-07:00,0,0
index.html,14,html,699c94b6,Keilani Li,2025-10-29,16:06:51,-07:00,2025-10-29T16:06:51-07:00,2,97
index.html,15,html,699c94b6,Keilani Li,2025-10-29,16:06:51,-07:00,2025-10-29T16:06:51-07:00,4,91
index.html,16,html,699c94b6,Keilani Li,2025-10-29,16:06:51,-07:00,2025-10-29T16:06:51-07:00,4,28
index.html,17,html,e0e46200,Keilani Li,2025-09-29,22:19:39,-07:00,2025-09-29T22:19:39-07:00,2,2
index.html,18,html,e0e46200,Keilani Li,2025-09-29,22:19:39,-07:00,2025-09-29T22:19:39-07:00,0,0
index.html,19,html,0744d2e1,Keilani Li,2025-10-09,23:54:21,-07:00,2025-10-09T23:54:21-07:00,2,96
index.html,20,html,21024dbd,Keilani Li,2025-10-22,17:44:23,-07:00,2025-10-22T17:44:23-07:00,0,0
index.html,21,html,21024dbd,Keilani Li,2025-10-22,17:44:23,-07:00,2025-10-22T17:44:23-07:00,2,22
index.html,22,html,21024dbd,Keilani Li,2025-10-22,17:44:23,-07:00,2025-10-22T17:44:23-07:00,2,22
index.html,23,html,21024dbd,Keilani Li,2025-10-22,17:44:23,-07:00,2025-10-22T17:44:23-07:00,4,49
index.html,24,html,21024dbd,Keilani Li,2025-10-22,17:44:23,-07:00,2025-10-22T17:44:23-07:00,2,4
index.html,25,html,21024dbd,Keilani Li,2025-10-22,17:44:23,-07:00,2025-10-22T17:44:23-07:00,0,0
index.html,26,html,21024dbd,Keilani Li,2025-10-22,17:44:23,-07:00,2025-10-22T17:44:23-07:00,2,24
index.html,27,html,21024dbd,Keilani Li,2025-10-22,17:44:23,-07:00,2025-10-22T17:44:23-07:00,4,19
index.html,28,html,21024dbd,Keilani Li,2025-10-22,17:44:23,-07:00,2025-10-22T17:44:23-07:00,2,4
index.html,29,html,134c61d9,Keilani Li,2025-09-29,21:43:41,-07:00,2025-09-29T21:43:41-07:00,0,5
index.html,30,html,134c61d9,Keilani Li,2025-09-29,21:43:41,-07:00,2025-09-29T21:43:41-07:00,0,5
global.js,1,js,49f18a6f,Keilani Li,2025-10-13,15:44:29,-07:00,2025-10-13T15:44:29-07:00,0,6
global.js,2,js,961dc8a4,Keilani Li,2025-10-13,14:48:42,-07:00,2025-10-13T14:48:42-07:00,0,20
global.js,3,js,961dc8a4,Keilani Li,2025-10-13,14:48:42,-07:00,2025-10-13T14:48:42-07:00,0,0
global.js,4,js,961dc8a4,Keilani Li,2025-10-13,14:48:42,-07:00,2025-10-13T14:48:42-07:00,0,41
global.js,5,js,bf75b7f5,Keilani Li,2025-10-13,15:29:34,-07:00,2025-10-13T15:29:34-07:00,2,52
global.js,6,js,bf75b7f5,Keilani Li,2025-10-13,15:29:34,-07:00,2025-10-13T15:29:34-07:00,0,0
global.js,7,js,bf75b7f5,Keilani Li,2025-10-13,15:29:34,-07:00,2025-10-13T15:29:34-07:00,0,0
global.js,8,js,49f18a6f,Keilani Li,2025-10-13,15:44:29,-07:00,2025-10-13T15:44:29-07:00,0,6
global.js,9,js,49f18a6f,Keilani Li,2025-10-13,15:44:29,-07:00,2025-10-13T15:44:29-07:00,0,24
global.js,10,js,bf75b7f5,Keilani Li,2025-10-13,15:29:34,-07:00,2025-10-13T15:29:34-07:00,0,0
global.js,11,js,49f18a6f,Keilani Li,2025-10-13,15:44:29,-07:00,2025-10-13T15:44:29-07:00,0,33
global.js,12,js,49f18a6f,Keilani Li,2025-10-13,15:44:29,-07:00,2025-10-13T15:44:29-07:00,0,73
global.js,13,js,49f18a6f,Keilani Li,2025-10-13,15:44:29,-07:00,2025-10-13T15:44:29-07:00,0,3
global.js,14,js,49f18a6f,Keilani Li,2025-10-13,15:44:29,-07:00,2025-10-13T15:44:29-07:00,0,87
global.js,15,js,bf75b7f5,Keilani Li,2025-10-13,15:29:34,-07:00,2025-10-13T15:29:34-07:00,0,0
global.js,16,js,49f18a6f,Keilani Li,2025-10-13,15:44:29,-07:00,2025-10-13T15:44:29-07:00,0,6
global.js,17,js,ec502d55,Keilani Li,2025-10-14,15:53:21,-07:00,2025-10-14T15:53:21-07:00,0,88
global.js,18,js,b599cbbe,Keilani Li,2025-10-14,16:30:05,-07:00,2025-10-14T16:30:05-07:00,1,36
global.js,19,js,b599cbbe,Keilani Li,2025-10-14,16:30:05,-07:00,2025-10-14T16:30:05-07:00,1,42
global.js,20,js,ec502d55,Keilani Li,2025-10-14,15:53:21,-07:00,2025-10-14T15:53:21-07:00,0,0
global.js,21,js,49f18a6f,Keilani Li,2025-10-13,15:44:29,-07:00,2025-10-13T15:44:29-07:00,0,11
global.js,22,js,49f18a6f,Keilani Li,2025-10-13,15:44:29,-07:00,2025-10-13T15:44:29-07:00,2,25
global.js,23,js,49f18a6f,Keilani Li,2025-10-13,15:44:29,-07:00,2025-10-13T15:44:29-07:00,2,38
global.js,24,js,49f18a6f,Keilani Li,2025-10-13,15:44:29,-07:00,2025-10-13T15:44:29-07:00,2,36
global.js,25,js,c1398355,Keilani Li,2025-11-06,16:38:30,-08:00,2025-11-06T16:38:30-08:00,2,29
global.js,26,js,49f18a6f,Keilani Li,2025-10-13,15:44:29,-07:00,2025-10-13T15:44:29-07:00,2,34
global.js,27,js,c1398355,Keilani Li,2025-11-06,16:38:30,-08:00,2025-11-06T16:38:30-08:00,2,52
global.js,28,js,49f18a6f,Keilani Li,2025-10-13,15:44:29,-07:00,2025-10-13T15:44:29-07:00,0,0
global.js,29,js,49f18a6f,Keilani Li,2025-10-13,15:44:29,-07:00,2025-10-13T15:44:29-07:00,0,0
global.js,30,js,49f18a6f,Keilani Li,2025-10-13,15:44:29,-07:00,2025-10-13T15:44:29-07:00,0,38
global.js,31,js,49f18a6f,Keilani Li,2025-10-13,15:44:29,-07:00,2025-10-13T15:44:29-07:00,0,25
global.js,32,js,49f18a6f,Keilani Li,2025-10-13,15:44:29,-07:00,2025-10-13T15:44:29-07:00,0,0
global.js,33,js,49f18a6f,Keilani Li,2025-10-13,15:44:29,-07:00,2025-10-13T15:44:29-07:00,0,20
global.js,34,js,86abf605,Keilani Li,2025-10-14,16:08:35,-07:00,2025-10-14T16:08:35-07:00,2,14
global.js,35,js,ec502d55,Keilani Li,2025-10-14,15:53:21,-07:00,2025-10-14T15:53:21-07:00,2,28
global.js,36,js,ec502d55,Keilani Li,2025-10-14,15:53:21,-07:00,2025-10-14T15:53:21-07:00,4,20
global.js,37,js,ec502d55,Keilani Li,2025-10-14,15:53:21,-07:00,2025-10-14T15:53:21-07:00,2,0
global.js,38,js,10db4729,Keilani Li,2025-10-14,16:02:32,-07:00,2025-10-14T16:02:32-07:00,2,68
global.js,39,js,10db4729,Keilani Li,2025-10-14,16:02:32,-07:00,2025-10-14T16:02:32-07:00,2,0
global.js,40,js,86abf605,Keilani Li,2025-10-14,16:08:35,-07:00,2025-10-14T16:08:35-07:00,2,18
global.js,41,js,10db4729,Keilani Li,2025-10-14,16:02:32,-07:00,2025-10-14T16:02:32-07:00,0,0
global.js,42,js,b599cbbe,Keilani Li,2025-10-14,16:30:05,-07:00,2025-10-14T16:30:05-07:00,2,6
global.js,43,js,5f01de2a,Keilani Li,2025-10-14,16:05:10,-07:00,2025-10-14T16:05:10-07:00,2,72
global.js,44,js,5f01de2a,Keilani Li,2025-10-14,16:05:10,-07:00,2025-10-14T16:05:10-07:00,2,0
global.js,45,js,b599cbbe,Keilani Li,2025-10-14,16:30:05,-07:00,2025-10-14T16:30:05-07:00,2,5
global.js,46,js,86abf605,Keilani Li,2025-10-14,16:08:35,-07:00,2025-10-14T16:08:35-07:00,2,34
global.js,47,js,86abf605,Keilani Li,2025-10-14,16:08:35,-07:00,2025-10-14T16:08:35-07:00,2,11
global.js,48,js,86abf605,Keilani Li,2025-10-14,16:08:35,-07:00,2025-10-14T16:08:35-07:00,2,20
global.js,49,js,86abf605,Keilani Li,2025-10-14,16:08:35,-07:00,2025-10-14T16:08:35-07:00,2,12
global.js,50,js,49f18a6f,Keilani Li,2025-10-13,15:44:29,-07:00,2025-10-13T15:44:29-07:00,0,0
global.js,51,js,403687a9,Keilani Li,2025-10-14,16:40:57,-07:00,2025-10-14T16:40:57-07:00,2,65
global.js,52,js,403687a9,Keilani Li,2025-10-14,16:40:57,-07:00,2025-10-14T16:40:57-07:00,4,25
global.js,53,js,403687a9,Keilani Li,2025-10-14,16:40:57,-07:00,2025-10-14T16:40:57-07:00,2,0
global.js,54,js,403687a9,Keilani Li,2025-10-14,16:40:57,-07:00,2025-10-14T16:40:57-07:00,2,29
global.js,55,js,403687a9,Keilani Li,2025-10-14,16:40:57,-07:00,2025-10-14T16:40:57-07:00,4,18
global.js,56,js,403687a9,Keilani Li,2025-10-14,16:40:57,-07:00,2025-10-14T16:40:57-07:00,2,0
global.js,57,js,77e3e38b,Keilani Li,2025-10-14,17:40:07,-07:00,2025-10-14T17:40:07-07:00,0,0
global.js,58,js,e52c3f50,Keilani Li,2025-10-14,15:40:10,-07:00,2025-10-14T15:40:10-07:00,0,0
global.js,59,js,77e3e38b,Keilani Li,2025-10-14,17:40:07,-07:00,2025-10-14T17:40:07-07:00,0,17
global.js,60,js,4f43b53c,Keilani Li,2025-10-14,21:54:23,-07:00,2025-10-14T21:54:23-07:00,0,31
global.js,61,js,4f43b53c,Keilani Li,2025-10-14,21:54:23,-07:00,2025-10-14T21:54:23-07:00,2,11
global.js,62,js,4f43b53c,Keilani Li,2025-10-14,21:54:23,-07:00,2025-10-14T21:54:23-07:00,2,0
global.js,63,js,4f43b53c,Keilani Li,2025-10-14,21:54:23,-07:00,2025-10-14T21:54:23-07:00,4,28
global.js,64,js,4f43b53c,Keilani Li,2025-10-14,21:54:23,-07:00,2025-10-14T21:54:23-07:00,6,4
global.js,65,js,4f43b53c,Keilani Li,2025-10-14,21:54:23,-07:00,2025-10-14T21:54:23-07:00,6,6
global.js,66,js,4f43b53c,Keilani Li,2025-10-14,21:54:23,-07:00,2025-10-14T21:54:23-07:00,8,38
global.js,67,js,4f43b53c,Keilani Li,2025-10-14,21:54:23,-07:00,2025-10-14T21:54:23-07:00,8,45
global.js,68,js,4f43b53c,Keilani Li,2025-10-14,21:54:23,-07:00,2025-10-14T21:54:23-07:00,8,36
global.js,69,js,4f43b53c,Keilani Li,2025-10-14,21:54:23,-07:00,2025-10-14T21:54:23-07:00,8,34
global.js,70,js,4f43b53c,Keilani Li,2025-10-14,21:54:23,-07:00,2025-10-14T21:54:23-07:00,6,7
global.js,71,js,4f43b53c,Keilani Li,2025-10-14,21:54:23,-07:00,2025-10-14T21:54:23-07:00,4,8
global.js,72,js,4f43b53c,Keilani Li,2025-10-14,21:54:23,-07:00,2025-10-14T21:54:23-07:00,2,0
global.js,73,js,4f43b53c,Keilani Li,2025-10-14,21:54:23,-07:00,2025-10-14T21:54:23-07:00,0,0
global.js,74,js,4f43b53c,Keilani Li,2025-10-14,21:54:23,-07:00,2025-10-14T21:54:23-07:00,0,60
global.js,75,js,4f43b53c,Keilani Li,2025-10-14,21:54:23,-07:00,2025-10-14T21:54:23-07:00,0,0
global.js,76,js,2b74d447,Keilani Li,2025-10-14,23:38:22,-07:00,2025-10-14T23:38:22-07:00,0,36
global.js,77,js,2b74d447,Keilani Li,2025-10-14,23:38:22,-07:00,2025-10-14T23:38:22-07:00,2,70
global.js,78,js,2b74d447,Keilani Li,2025-10-14,23:38:22,-07:00,2025-10-14T23:38:22-07:00,2,25
global.js,79,js,2b74d447,Keilani Li,2025-10-14,23:38:22,-07:00,2025-10-14T23:38:22-07:00,0,0
global.js,80,js,2b74d447,Keilani Li,2025-10-14,23:38:22,-07:00,2025-10-14T23:38:22-07:00,0,0
global.js,81,js,4f43b53c,Keilani Li,2025-10-14,21:54:23,-07:00,2025-10-14T21:54:23-07:00,0,34
global.js,82,js,2b74d447,Keilani Li,2025-10-14,23:38:22,-07:00,2025-10-14T23:38:22-07:00,2,39
global.js,83,js,4f43b53c,Keilani Li,2025-10-14,21:54:23,-07:00,2025-10-14T21:54:23-07:00,2,38
global.js,84,js,4f43b53c,Keilani Li,2025-10-14,21:54:23,-07:00,2025-10-14T21:54:23-07:00,0,0
global.js,85,js,bf75b7f5,Keilani Li,2025-10-13,15:29:34,-07:00,2025-10-13T15:29:34-07:00,0,0
global.js,86,js,6ea6806c,Keilani Li,2025-10-14,18:11:16,-07:00,2025-10-14T18:11:16-07:00,0,49
global.js,87,js,b56f507b,Keilani Li,2025-10-14,23:21:07,-07:00,2025-10-14T23:21:07-07:00,2,32
global.js,88,js,b56f507b,Keilani Li,2025-10-14,23:21:07,-07:00,2025-10-14T23:21:07-07:00,2,21
global.js,89,js,b56f507b,Keilani Li,2025-10-14,23:21:07,-07:00,2025-10-14T23:21:07-07:00,2,32
global.js,90,js,b56f507b,Keilani Li,2025-10-14,23:21:07,-07:00,2025-10-14T23:21:07-07:00,2,46
global.js,91,js,6ea6806c,Keilani Li,2025-10-14,18:11:16,-07:00,2025-10-14T18:11:16-07:00,0,1
global.js,92,js,e53f00d2,Keilani Li,2025-10-22,16:16:35,-07:00,2025-10-22T16:16:35-07:00,0,0
global.js,93,js,e4074395,Keilani Li,2025-10-22,22:56:43,-07:00,2025-10-22T22:56:43-07:00,0,40
global.js,94,js,e53f00d2,Keilani Li,2025-10-22,16:16:35,-07:00,2025-10-22T16:16:35-07:00,0,36
global.js,95,js,e53f00d2,Keilani Li,2025-10-22,16:16:35,-07:00,2025-10-22T16:16:35-07:00,1,3
global.js,96,js,e53f00d2,Keilani Li,2025-10-22,16:16:35,-07:00,2025-10-22T16:16:35-07:00,2,31
global.js,97,js,e53f00d2,Keilani Li,2025-10-22,16:16:35,-07:00,2025-10-22T16:16:35-07:00,2,32
global.js,98,js,e53f00d2,Keilani Li,2025-10-22,16:16:35,-07:00,2025-10-22T16:16:35-07:00,0,0
global.js,99,js,e53f00d2,Keilani Li,2025-10-22,16:16:35,-07:00,2025-10-22T16:16:35-07:00,2,17
global.js,100,js,e53f00d2,Keilani Li,2025-10-22,16:16:35,-07:00,2025-10-22T16:16:35-07:00,4,66
global.js,101,js,e53f00d2,Keilani Li,2025-10-22,16:16:35,-07:00,2025-10-22T16:16:35-07:00,2,0
global.js,102,js,a8b2ca65,Keilani Li,2025-10-22,16:22:51,-07:00,2025-10-22T16:22:51-07:00,0,0
global.js,103,js,a8b2ca65,Keilani Li,2025-10-22,16:22:51,-07:00,2025-10-22T16:22:51-07:00,2,33
global.js,104,js,a8b2ca65,Keilani Li,2025-10-22,16:22:51,-07:00,2025-10-22T16:22:51-07:00,2,10
global.js,105,js,a8b2ca65,Keilani Li,2025-10-22,16:22:51,-07:00,2025-10-22T16:22:51-07:00,0,0
global.js,106,js,e53f00d2,Keilani Li,2025-10-22,16:16:35,-07:00,2025-10-22T16:16:35-07:00,1,15
global.js,107,js,e53f00d2,Keilani Li,2025-10-22,16:16:35,-07:00,2025-10-22T16:16:35-07:00,2,59
global.js,108,js,e53f00d2,Keilani Li,2025-10-22,16:16:35,-07:00,2025-10-22T16:16:35-07:00,1,0
global.js,109,js,b214f065,Keilani Li,2025-10-22,16:49:15,-07:00,2025-10-22T16:49:15-07:00,0,0
global.js,110,js,b214f065,Keilani Li,2025-10-22,16:49:15,-07:00,2025-10-22T16:49:15-07:00,0,0
global.js,111,js,21024dbd,Keilani Li,2025-10-22,17:44:23,-07:00,2025-10-22T17:44:23-07:00,0,21
global.js,112,js,051fe930,Keilani Li,2025-10-22,18:19:16,-07:00,2025-10-22T18:19:16-07:00,0,23
global.js,113,js,21024dbd,Keilani Li,2025-10-22,17:44:23,-07:00,2025-10-22T17:44:23-07:00,0,0
global.js,114,js,483230b4,Keilani Li,2025-10-22,22:18:33,-07:00,2025-10-22T22:18:33-07:00,0,78
global.js,115,js,c9cb6b80,Keilani Li,2025-10-22,17:11:36,-07:00,2025-10-22T17:11:36-07:00,2,15
global.js,116,js,c9cb6b80,Keilani Li,2025-10-22,17:11:36,-07:00,2025-10-22T17:11:36-07:00,2,30
global.js,117,js,c9cb6b80,Keilani Li,2025-10-22,17:11:36,-07:00,2025-10-22T17:11:36-07:00,0,0
global.js,118,js,051fe930,Keilani Li,2025-10-22,18:19:16,-07:00,2025-10-22T18:19:16-07:00,2,25
global.js,119,js,b9869d65,Keilani Li,2025-10-22,22:14:11,-07:00,2025-10-22T22:14:11-07:00,0,0
global.js,120,js,b9869d65,Keilani Li,2025-10-22,22:14:11,-07:00,2025-10-22T22:14:11-07:00,4,38
global.js,121,js,b9869d65,Keilani Li,2025-10-22,22:14:11,-07:00,2025-10-22T22:14:11-07:00,4,45
global.js,122,js,e4074395,Keilani Li,2025-10-22,22:56:43,-07:00,2025-10-22T22:56:43-07:00,4,58
global.js,123,js,b9869d65,Keilani Li,2025-10-22,22:14:11,-07:00,2025-10-22T22:14:11-07:00,4,82
global.js,124,js,2e91f0bf,Keilani Li,2025-10-29,22:41:43,-07:00,2025-10-29T22:41:43-07:00,4,30
global.js,125,js,483230b4,Keilani Li,2025-10-22,22:18:33,-07:00,2025-10-22T22:18:33-07:00,4,72
global.js,126,js,c3e500c5,Keilani Li,2025-10-22,20:49:00,-07:00,2025-10-22T20:49:00-07:00,4,0
global.js,127,js,051fe930,Keilani Li,2025-10-22,18:19:16,-07:00,2025-10-22T18:19:16-07:00,4,48
global.js,128,js,051fe930,Keilani Li,2025-10-22,18:19:16,-07:00,2025-10-22T18:19:16-07:00,4,19
global.js,129,js,b9869d65,Keilani Li,2025-10-22,22:14:11,-07:00,2025-10-22T22:14:11-07:00,6,41
global.js,130,js,b9869d65,Keilani Li,2025-10-22,22:14:11,-07:00,2025-10-22T22:14:11-07:00,6,37
global.js,131,js,b9869d65,Keilani Li,2025-10-22,22:14:11,-07:00,2025-10-22T22:14:11-07:00,6,12
global.js,132,js,699c94b6,Keilani Li,2025-10-29,16:06:51,-07:00,2025-10-29T16:06:51-07:00,6,26
global.js,133,js,051fe930,Keilani Li,2025-10-22,18:19:16,-07:00,2025-10-22T18:19:16-07:00,4,0
global.js,134,js,051fe930,Keilani Li,2025-10-22,18:19:16,-07:00,2025-10-22T18:19:16-07:00,4,36
global.js,135,js,051fe930,Keilani Li,2025-10-22,18:19:16,-07:00,2025-10-22T18:19:16-07:00,0,0
global.js,136,js,051fe930,Keilani Li,2025-10-22,18:19:16,-07:00,2025-10-22T18:19:16-07:00,2,0
global.js,137,js,fc41eba2,Keilani Li,2025-10-22,17:34:47,-07:00,2025-10-22T17:34:47-07:00,0,0
global.js,138,js,fc41eba2,Keilani Li,2025-10-22,17:34:47,-07:00,2025-10-22T17:34:47-07:00,0,0
global.js,139,js,fc41eba2,Keilani Li,2025-10-22,17:34:47,-07:00,2025-10-22T17:34:47-07:00,0,9
global.js,140,js,fc41eba2,Keilani Li,2025-10-22,17:34:47,-07:00,2025-10-22T17:34:47-07:00,0,47
global.js,141,js,fc41eba2,Keilani Li,2025-10-22,17:34:47,-07:00,2025-10-22T17:34:47-07:00,2,22
global.js,142,js,fc41eba2,Keilani Li,2025-10-22,17:34:47,-07:00,2025-10-22T17:34:47-07:00,2,59
global.js,143,js,fc41eba2,Keilani Li,2025-10-22,17:34:47,-07:00,2025-10-22T17:34:47-07:00,0,0
resume\index.html,1,html,8ae520be,Keilani Li,2025-09-30,00:46:26,-07:00,2025-09-30T00:46:26-07:00,0,13
resume\index.html,2,html,8ae520be,Keilani Li,2025-09-30,00:46:26,-07:00,2025-09-30T00:46:26-07:00,0,14
resume\index.html,3,html,8ae520be,Keilani Li,2025-09-30,00:46:26,-07:00,2025-09-30T00:46:26-07:00,0,4
resume\index.html,4,html,8ae520be,Keilani Li,2025-09-30,00:46:26,-07:00,2025-09-30T00:46:26-07:00,2,20
resume\index.html,5,html,8ae520be,Keilani Li,2025-09-30,00:46:26,-07:00,2025-09-30T00:46:26-07:00,2,68
resume\index.html,6,html,68ffe1bb,Keilani Li,2025-10-15,20:31:50,-07:00,2025-10-15T20:31:50-07:00,2,19
resume\index.html,7,html,8ae520be,Keilani Li,2025-09-30,00:46:26,-07:00,2025-09-30T00:46:26-07:00,2,45
resume\index.html,8,html,708cfec6,Keilani Li,2025-10-13,15:20:17,-07:00,2025-10-13T15:20:17-07:00,2,52
resume\index.html,9,html,8ae520be,Keilani Li,2025-09-30,00:46:26,-07:00,2025-09-30T00:46:26-07:00,0,5
resume\index.html,10,html,8ae520be,Keilani Li,2025-09-30,00:46:26,-07:00,2025-09-30T00:46:26-07:00,0,4
resume\index.html,11,html,e3b22994,Keilani Li,2025-10-10,00:36:58,-07:00,2025-10-10T00:36:58-07:00,2,13
resume\index.html,12,html,8ae520be,Keilani Li,2025-09-30,00:46:26,-07:00,2025-09-30T00:46:26-07:00,0,0
resume\index.html,13,html,a57fc7f2,Keilani Li,2025-10-10,00:53:33,-07:00,2025-10-10T00:53:33-07:00,2,28
resume\index.html,14,html,e39bb8a8,Keilani Li,2025-10-10,00:08:15,-07:00,2025-10-10T00:08:15-07:00,4,17
resume\index.html,15,html,a57fc7f2,Keilani Li,2025-10-10,00:53:33,-07:00,2025-10-10T00:53:33-07:00,4,0
resume\index.html,16,html,a57fc7f2,Keilani Li,2025-10-10,00:53:33,-07:00,2025-10-10T00:53:33-07:00,4,19
resume\index.html,17,html,a57fc7f2,Keilani Li,2025-10-10,00:53:33,-07:00,2025-10-10T00:53:33-07:00,6,26
resume\index.html,18,html,a57fc7f2,Keilani Li,2025-10-10,00:53:33,-07:00,2025-10-10T00:53:33-07:00,6,24
resume\index.html,19,html,a57fc7f2,Keilani Li,2025-10-10,00:53:33,-07:00,2025-10-10T00:53:33-07:00,4,3
resume\index.html,20,html,9242197b,Keilani Li,2025-10-10,02:04:58,-07:00,2025-10-10T02:04:58-07:00,0,0
resume\index.html,21,html,3f82aac6,Keilani Li,2025-10-15,20:22:33,-07:00,2025-10-15T20:22:33-07:00,4,37
resume\index.html,22,html,3f82aac6,Keilani Li,2025-10-15,20:22:33,-07:00,2025-10-15T20:22:33-07:00,0,0
resume\index.html,23,html,e39bb8a8,Keilani Li,2025-10-10,00:08:15,-07:00,2025-10-10T00:08:15-07:00,4,2
resume\index.html,24,html,e39bb8a8,Keilani Li,2025-10-10,00:08:15,-07:00,2025-10-10T00:08:15-07:00,6,77
resume\index.html,25,html,e39bb8a8,Keilani Li,2025-10-10,00:08:15,-07:00,2025-10-10T00:08:15-07:00,6,83
resume\index.html,26,html,3f82aac6,Keilani Li,2025-10-15,20:22:33,-07:00,2025-10-15T20:22:33-07:00,6,69
resume\index.html,27,html,e39bb8a8,Keilani Li,2025-10-10,00:08:15,-07:00,2025-10-10T00:08:15-07:00,6,47
resume\index.html,28,html,e39bb8a8,Keilani Li,2025-10-10,00:08:15,-07:00,2025-10-10T00:08:15-07:00,4,3
resume\index.html,29,html,e39bb8a8,Keilani Li,2025-10-10,00:08:15,-07:00,2025-10-10T00:08:15-07:00,2,8
resume\index.html,30,html,a6a2a311,Keilani Li,2025-09-30,00:48:10,-07:00,2025-09-30T00:48:10-07:00,0,0
resume\index.html,31,html,a57fc7f2,Keilani Li,2025-10-10,00:53:33,-07:00,2025-10-10T00:53:33-07:00,2,24
resume\index.html,32,html,e39bb8a8,Keilani Li,2025-10-10,00:08:15,-07:00,2025-10-10T00:08:15-07:00,4,13
resume\index.html,33,html,a57fc7f2,Keilani Li,2025-10-10,00:53:33,-07:00,2025-10-10T00:53:33-07:00,4,0
resume\index.html,34,html,e39bb8a8,Keilani Li,2025-10-10,00:08:15,-07:00,2025-10-10T00:08:15-07:00,4,2
resume\index.html,35,html,e39bb8a8,Keilani Li,2025-10-10,00:08:15,-07:00,2025-10-10T00:08:15-07:00,6,55
resume\index.html,36,html,e39bb8a8,Keilani Li,2025-10-10,00:08:15,-07:00,2025-10-10T00:08:15-07:00,6,72
resume\index.html,37,html,e39bb8a8,Keilani Li,2025-10-10,00:08:15,-07:00,2025-10-10T00:08:15-07:00,8,89
resume\index.html,38,html,e39bb8a8,Keilani Li,2025-10-10,00:08:15,-07:00,2025-10-10T00:08:15-07:00,6,65
resume\index.html,39,html,7fff0cdd,Keilani Li,2025-10-10,02:35:26,-07:00,2025-10-10T02:35:26-07:00,6,78
resume\index.html,40,html,7fff0cdd,Keilani Li,2025-10-10,02:35:26,-07:00,2025-10-10T02:35:26-07:00,8,57
resume\index.html,41,html,e39bb8a8,Keilani Li,2025-10-10,00:08:15,-07:00,2025-10-10T00:08:15-07:00,4,3
resume\index.html,42,html,e39bb8a8,Keilani Li,2025-10-10,00:08:15,-07:00,2025-10-10T00:08:15-07:00,2,8
resume\index.html,43,html,b24a8654,Keilani Li,2025-09-30,16:33:34,-07:00,2025-09-30T16:33:34-07:00,0,0
resume\index.html,44,html,ecdb1889,Keilani Li,2025-10-10,02:06:06,-07:00,2025-10-10T02:06:06-07:00,2,23
resume\index.html,45,html,3a8041ea,Keilani Li,2025-10-10,00:59:24,-07:00,2025-10-10T00:59:24-07:00,4,15
resume\index.html,46,html,a0553e19,Keilani Li,2025-10-10,01:21:50,-07:00,2025-10-10T01:21:50-07:00,4,0
resume\index.html,47,html,22fa74eb,Keilani Li,2025-10-10,02:09:14,-07:00,2025-10-10T02:09:14-07:00,4,83
resume\index.html,48,html,22fa74eb,Keilani Li,2025-10-10,02:09:14,-07:00,2025-10-10T02:09:14-07:00,6,26
resume\index.html,49,html,22fa74eb,Keilani Li,2025-10-10,02:09:14,-07:00,2025-10-10T02:09:14-07:00,6,24
resume\index.html,50,html,22fa74eb,Keilani Li,2025-10-10,02:09:14,-07:00,2025-10-10T02:09:14-07:00,4,3
resume\index.html,51,html,111ae526,Keilani Li,2025-10-10,02:01:08,-07:00,2025-10-10T02:01:08-07:00,0,0
resume\index.html,52,html,3f82aac6,Keilani Li,2025-10-15,20:22:33,-07:00,2025-10-15T20:22:33-07:00,4,26
resume\index.html,53,html,3f82aac6,Keilani Li,2025-10-15,20:22:33,-07:00,2025-10-15T20:22:33-07:00,0,0
resume\index.html,54,html,e39bb8a8,Keilani Li,2025-10-10,00:08:15,-07:00,2025-10-10T00:08:15-07:00,4,2
resume\index.html,55,html,e39bb8a8,Keilani Li,2025-10-10,00:08:15,-07:00,2025-10-10T00:08:15-07:00,6,70
resume\index.html,56,html,e39bb8a8,Keilani Li,2025-10-10,00:08:15,-07:00,2025-10-10T00:08:15-07:00,6,65
resume\index.html,57,html,485ae300,Keilani Li,2025-10-15,19:12:23,-07:00,2025-10-15T19:12:23-07:00,6,81
resume\index.html,58,html,e39bb8a8,Keilani Li,2025-10-10,00:08:15,-07:00,2025-10-10T00:08:15-07:00,4,3
resume\index.html,59,html,e39bb8a8,Keilani Li,2025-10-10,00:08:15,-07:00,2025-10-10T00:08:15-07:00,2,8
resume\index.html,60,html,8ae520be,Keilani Li,2025-09-30,00:46:26,-07:00,2025-09-30T00:46:26-07:00,0,0
resume\index.html,61,html,a57fc7f2,Keilani Li,2025-10-10,00:53:33,-07:00,2025-10-10T00:53:33-07:00,2,27
resume\index.html,62,html,e39bb8a8,Keilani Li,2025-10-10,00:08:15,-07:00,2025-10-10T00:08:15-07:00,4,16
resume\index.html,63,html,a57fc7f2,Keilani Li,2025-10-10,00:53:33,-07:00,2025-10-10T00:53:33-07:00,4,0
resume\index.html,64,html,a57fc7f2,Keilani Li,2025-10-10,00:53:33,-07:00,2025-10-10T00:53:33-07:00,4,37
resume\index.html,65,html,a57fc7f2,Keilani Li,2025-10-10,00:53:33,-07:00,2025-10-10T00:53:33-07:00,6,26
resume\index.html,66,html,a57fc7f2,Keilani Li,2025-10-10,00:53:33,-07:00,2025-10-10T00:53:33-07:00,6,11
resume\index.html,67,html,a57fc7f2,Keilani Li,2025-10-10,00:53:33,-07:00,2025-10-10T00:53:33-07:00,4,3
resume\index.html,68,html,a57fc7f2,Keilani Li,2025-10-10,00:53:33,-07:00,2025-10-10T00:53:33-07:00,0,0
resume\index.html,69,html,e39bb8a8,Keilani Li,2025-10-10,00:08:15,-07:00,2025-10-10T00:08:15-07:00,4,2
resume\index.html,70,html,e39bb8a8,Keilani Li,2025-10-10,00:08:15,-07:00,2025-10-10T00:08:15-07:00,6,24
resume\index.html,71,html,e39bb8a8,Keilani Li,2025-10-10,00:08:15,-07:00,2025-10-10T00:08:15-07:00,6,32
resume\index.html,72,html,e39bb8a8,Keilani Li,2025-10-10,00:08:15,-07:00,2025-10-10T00:08:15-07:00,4,3
resume\index.html,73,html,a57fc7f2,Keilani Li,2025-10-10,00:53:33,-07:00,2025-10-10T00:53:33-07:00,0,0
resume\index.html,74,html,a57fc7f2,Keilani Li,2025-10-10,00:53:33,-07:00,2025-10-10T00:53:33-07:00,4,17
resume\index.html,75,html,a57fc7f2,Keilani Li,2025-10-10,00:53:33,-07:00,2025-10-10T00:53:33-07:00,6,26
resume\index.html,76,html,a57fc7f2,Keilani Li,2025-10-10,00:53:33,-07:00,2025-10-10T00:53:33-07:00,6,25
resume\index.html,77,html,a57fc7f2,Keilani Li,2025-10-10,00:53:33,-07:00,2025-10-10T00:53:33-07:00,4,3
resume\index.html,78,html,a57fc7f2,Keilani Li,2025-10-10,00:53:33,-07:00,2025-10-10T00:53:33-07:00,0,0
resume\index.html,79,html,e39bb8a8,Keilani Li,2025-10-10,00:08:15,-07:00,2025-10-10T00:08:15-07:00,4,2
resume\index.html,80,html,e39bb8a8,Keilani Li,2025-10-10,00:08:15,-07:00,2025-10-10T00:08:15-07:00,6,24
resume\index.html,81,html,e39bb8a8,Keilani Li,2025-10-10,00:08:15,-07:00,2025-10-10T00:08:15-07:00,6,16
resume\index.html,82,html,e39bb8a8,Keilani Li,2025-10-10,00:08:15,-07:00,2025-10-10T00:08:15-07:00,4,3
resume\index.html,83,html,e39bb8a8,Keilani Li,2025-10-10,00:08:15,-07:00,2025-10-10T00:08:15-07:00,2,8
resume\index.html,84,html,bae46ccc,Keilani Li,2025-10-10,00:26:26,-07:00,2025-10-10T00:26:26-07:00,0,0
resume\index.html,85,html,8ae520be,Keilani Li,2025-09-30,00:46:26,-07:00,2025-09-30T00:46:26-07:00,0,5
resume\index.html,86,html,8ae520be,Keilani Li,2025-09-30,00:46:26,-07:00,2025-09-30T00:46:26-07:00,0,5
projects\projects.js,1,js,cb9d6a2a,Keilani Li,2025-10-31,21:27:45,-07:00,2025-10-31T21:27:45-07:00,0,58
projects\projects.js,2,js,cb9d6a2a,Keilani Li,2025-10-31,21:27:45,-07:00,2025-10-31T21:27:45-07:00,0,66
projects\projects.js,3,js,cb9d6a2a,Keilani Li,2025-10-31,21:27:45,-07:00,2025-10-31T21:27:45-07:00,0,0
projects\projects.js,4,js,cb9d6a2a,Keilani Li,2025-10-31,21:27:45,-07:00,2025-10-31T21:27:45-07:00,0,28
projects\projects.js,5,js,cb9d6a2a,Keilani Li,2025-10-31,21:27:45,-07:00,2025-10-31T21:27:45-07:00,0,60
projects\projects.js,6,js,cb9d6a2a,Keilani Li,2025-10-31,21:27:45,-07:00,2025-10-31T21:27:45-07:00,0,59
projects\projects.js,7,js,cb9d6a2a,Keilani Li,2025-10-31,21:27:45,-07:00,2025-10-31T21:27:45-07:00,0,13
projects\projects.js,8,js,cb9d6a2a,Keilani Li,2025-10-31,21:27:45,-07:00,2025-10-31T21:27:45-07:00,0,57
projects\projects.js,9,js,cb9d6a2a,Keilani Li,2025-10-31,21:27:45,-07:00,2025-10-31T21:27:45-07:00,0,4
projects\projects.js,10,js,cb9d6a2a,Keilani Li,2025-10-31,21:27:45,-07:00,2025-10-31T21:27:45-07:00,0,0
projects\projects.js,11,js,cb9d6a2a,Keilani Li,2025-10-31,21:27:45,-07:00,2025-10-31T21:27:45-07:00,0,65
projects\projects.js,12,js,cb9d6a2a,Keilani Li,2025-10-31,21:27:45,-07:00,2025-10-31T21:27:45-07:00,0,20
projects\projects.js,13,js,cb9d6a2a,Keilani Li,2025-10-31,21:27:45,-07:00,2025-10-31T21:27:45-07:00,0,60
projects\projects.js,14,js,cb9d6a2a,Keilani Li,2025-10-31,21:27:45,-07:00,2025-10-31T21:27:45-07:00,1,0
projects\projects.js,15,js,cb9d6a2a,Keilani Li,2025-10-31,21:27:45,-07:00,2025-10-31T21:27:45-07:00,0,15
projects\projects.js,16,js,cb9d6a2a,Keilani Li,2025-10-31,21:27:45,-07:00,2025-10-31T21:27:45-07:00,0,53
projects\projects.js,17,js,cb9d6a2a,Keilani Li,2025-10-31,21:27:45,-07:00,2025-10-31T21:27:45-07:00,0,0
projects\projects.js,18,js,cb9d6a2a,Keilani Li,2025-10-31,21:27:45,-07:00,2025-10-31T21:27:45-07:00,0,43
projects\projects.js,19,js,cb9d6a2a,Keilani Li,2025-10-31,21:27:45,-07:00,2025-10-31T21:27:45-07:00,0,35
projects\projects.js,20,js,cb9d6a2a,Keilani Li,2025-10-31,21:27:45,-07:00,2025-10-31T21:27:45-07:00,0,39
projects\projects.js,21,js,cb9d6a2a,Keilani Li,2025-10-31,21:27:45,-07:00,2025-10-31T21:27:45-07:00,0,0
projects\projects.js,22,js,cb9d6a2a,Keilani Li,2025-10-31,21:27:45,-07:00,2025-10-31T21:27:45-07:00,0,42
projects\projects.js,23,js,cb9d6a2a,Keilani Li,2025-10-31,21:27:45,-07:00,2025-10-31T21:27:45-07:00,0,39
projects\projects.js,24,js,cb9d6a2a,Keilani Li,2025-10-31,21:27:45,-07:00,2025-10-31T21:27:45-07:00,0,0
projects\projects.js,25,js,cb9d6a2a,Keilani Li,2025-10-31,21:27:45,-07:00,2025-10-31T21:27:45-07:00,0,36
projects\projects.js,26,js,cb9d6a2a,Keilani Li,2025-10-31,21:27:45,-07:00,2025-10-31T21:27:45-07:00,0,21
projects\projects.js,27,js,cb9d6a2a,Keilani Li,2025-10-31,21:27:45,-07:00,2025-10-31T21:27:45-07:00,0,23
projects\projects.js,28,js,cb9d6a2a,Keilani Li,2025-10-31,21:27:45,-07:00,2025-10-31T21:27:45-07:00,0,20
projects\projects.js,29,js,cb9d6a2a,Keilani Li,2025-10-31,21:27:45,-07:00,2025-10-31T21:27:45-07:00,0,7
projects\projects.js,30,js,cb9d6a2a,Keilani Li,2025-10-31,21:27:45,-07:00,2025-10-31T21:27:45-07:00,0,0
projects\projects.js,31,js,cb9d6a2a,Keilani Li,2025-10-31,21:27:45,-07:00,2025-10-31T21:27:45-07:00,0,57
projects\projects.js,32,js,cb9d6a2a,Keilani Li,2025-10-31,21:27:45,-07:00,2025-10-31T21:27:45-07:00,0,44
projects\projects.js,33,js,cb9d6a2a,Keilani Li,2025-10-31,21:27:45,-07:00,2025-10-31T21:27:45-07:00,0,8
projects\projects.js,34,js,cb9d6a2a,Keilani Li,2025-10-31,21:27:45,-07:00,2025-10-31T21:27:45-07:00,0,0
projects\projects.js,35,js,cb9d6a2a,Keilani Li,2025-10-31,21:27:45,-07:00,2025-10-31T21:27:45-07:00,0,60
projects\projects.js,36,js,cb9d6a2a,Keilani Li,2025-10-31,21:27:45,-07:00,2025-10-31T21:27:45-07:00,0,49
projects\projects.js,37,js,cb9d6a2a,Keilani Li,2025-10-31,21:27:45,-07:00,2025-10-31T21:27:45-07:00,0,58
projects\projects.js,38,js,cb9d6a2a,Keilani Li,2025-10-31,21:27:45,-07:00,2025-10-31T21:27:45-07:00,0,54
projects\projects.js,39,js,cb9d6a2a,Keilani Li,2025-10-31,21:27:45,-07:00,2025-10-31T21:27:45-07:00,0,0
projects\projects.js,40,js,cb9d6a2a,Keilani Li,2025-10-31,21:27:45,-07:00,2025-10-31T21:27:45-07:00,0,11
projects\projects.js,41,js,cb9d6a2a,Keilani Li,2025-10-31,21:27:45,-07:00,2025-10-31T21:27:45-07:00,0,25
projects\projects.js,42,js,cb9d6a2a,Keilani Li,2025-10-31,21:27:45,-07:00,2025-10-31T21:27:45-07:00,0,24
projects\projects.js,43,js,cb9d6a2a,Keilani Li,2025-10-31,21:27:45,-07:00,2025-10-31T21:27:45-07:00,0,20
projects\projects.js,44,js,cb9d6a2a,Keilani Li,2025-10-31,21:27:45,-07:00,2025-10-31T21:27:45-07:00,0,25
projects\projects.js,45,js,cb9d6a2a,Keilani Li,2025-10-31,21:27:45,-07:00,2025-10-31T21:27:45-07:00,0,45
projects\projects.js,46,js,cb9d6a2a,Keilani Li,2025-10-31,21:27:45,-07:00,2025-10-31T21:27:45-07:00,0,33
projects\projects.js,47,js,cb9d6a2a,Keilani Li,2025-10-31,21:27:45,-07:00,2025-10-31T21:27:45-07:00,0,58
projects\projects.js,48,js,cb9d6a2a,Keilani Li,2025-10-31,21:27:45,-07:00,2025-10-31T21:27:45-07:00,0,0
projects\projects.js,49,js,cb9d6a2a,Keilani Li,2025-10-31,21:27:45,-07:00,2025-10-31T21:27:45-07:00,0,15
projects\projects.js,50,js,cb9d6a2a,Keilani Li,2025-10-31,21:27:45,-07:00,2025-10-31T21:27:45-07:00,0,29
projects\projects.js,51,js,cb9d6a2a,Keilani Li,2025-10-31,21:27:45,-07:00,2025-10-31T21:27:45-07:00,0,77
projects\projects.js,52,js,cb9d6a2a,Keilani Li,2025-10-31,21:27:45,-07:00,2025-10-31T21:27:45-07:00,0,0
projects\projects.js,53,js,cb9d6a2a,Keilani Li,2025-10-31,21:27:45,-07:00,2025-10-31T21:27:45-07:00,0,18
projects\projects.js,54,js,cb9d6a2a,Keilani Li,2025-10-31,21:27:45,-07:00,2025-10-31T21:27:45-07:00,0,27
projects\projects.js,55,js,cb9d6a2a,Keilani Li,2025-10-31,21:27:45,-07:00,2025-10-31T21:27:45-07:00,0,77
projects\projects.js,56,js,cb9d6a2a,Keilani Li,2025-10-31,21:27:45,-07:00,2025-10-31T21:27:45-07:00,0,0
projects\projects.js,57,js,cb9d6a2a,Keilani Li,2025-10-31,21:27:45,-07:00,2025-10-31T21:27:45-07:00,0,61
projects\projects.js,58,js,cb9d6a2a,Keilani Li,2025-10-31,21:27:45,-07:00,2025-10-31T21:27:45-07:00,0,10
projects\projects.js,59,js,cb9d6a2a,Keilani Li,2025-10-31,21:27:45,-07:00,2025-10-31T21:27:45-07:00,0,0
projects\projects.js,60,js,cb9d6a2a,Keilani Li,2025-10-31,21:27:45,-07:00,2025-10-31T21:27:45-07:00,0,14
projects\projects.js,61,js,cb9d6a2a,Keilani Li,2025-10-31,21:27:45,-07:00,2025-10-31T21:27:45-07:00,0,23
projects\projects.js,62,js,cb9d6a2a,Keilani Li,2025-10-31,21:27:45,-07:00,2025-10-31T21:27:45-07:00,0,21
projects\projects.js,63,js,cb9d6a2a,Keilani Li,2025-10-31,21:27:45,-07:00,2025-10-31T21:27:45-07:00,0,18
projects\projects.js,64,js,cb9d6a2a,Keilani Li,2025-10-31,21:27:45,-07:00,2025-10-31T21:27:45-07:00,0,59
projects\projects.js,65,js,cb9d6a2a,Keilani Li,2025-10-31,21:27:45,-07:00,2025-10-31T21:27:45-07:00,0,13
projects\projects.js,66,js,cb9d6a2a,Keilani Li,2025-10-31,21:27:45,-07:00,2025-10-31T21:27:45-07:00,0,79
projects\projects.js,67,js,cb9d6a2a,Keilani Li,2025-10-31,21:27:45,-07:00,2025-10-31T21:27:45-07:00,0,8
projects\projects.js,68,js,cb9d6a2a,Keilani Li,2025-10-31,21:27:45,-07:00,2025-10-31T21:27:45-07:00,0,34
projects\projects.js,69,js,cb9d6a2a,Keilani Li,2025-10-31,21:27:45,-07:00,2025-10-31T21:27:45-07:00,0,33
projects\projects.js,70,js,cb9d6a2a,Keilani Li,2025-10-31,21:27:45,-07:00,2025-10-31T21:27:45-07:00,0,58
projects\projects.js,71,js,cb9d6a2a,Keilani Li,2025-10-31,21:27:45,-07:00,2025-10-31T21:27:45-07:00,0,0
projects\projects.js,72,js,cb9d6a2a,Keilani Li,2025-10-31,21:27:45,-07:00,2025-10-31T21:27:45-07:00,0,15
projects\projects.js,73,js,cb9d6a2a,Keilani Li,2025-10-31,21:27:45,-07:00,2025-10-31T21:27:45-07:00,0,29
projects\projects.js,74,js,cb9d6a2a,Keilani Li,2025-10-31,21:27:45,-07:00,2025-10-31T21:27:45-07:00,0,77
projects\projects.js,75,js,cb9d6a2a,Keilani Li,2025-10-31,21:27:45,-07:00,2025-10-31T21:27:45-07:00,0,0
projects\projects.js,76,js,cb9d6a2a,Keilani Li,2025-10-31,21:27:45,-07:00,2025-10-31T21:27:45-07:00,0,18
projects\projects.js,77,js,cb9d6a2a,Keilani Li,2025-10-31,21:27:45,-07:00,2025-10-31T21:27:45-07:00,0,27
projects\projects.js,78,js,cb9d6a2a,Keilani Li,2025-10-31,21:27:45,-07:00,2025-10-31T21:27:45-07:00,0,77
projects\projects.js,79,js,cb9d6a2a,Keilani Li,2025-10-31,21:27:45,-07:00,2025-10-31T21:27:45-07:00,0,10
projects\projects.js,80,js,cb9d6a2a,Keilani Li,2025-10-31,21:27:45,-07:00,2025-10-31T21:27:45-07:00,0,4
projects\projects.js,81,js,cb9d6a2a,Keilani Li,2025-10-31,21:27:45,-07:00,2025-10-31T21:27:45-07:00,0,0
projects\projects.js,82,js,cb9d6a2a,Keilani Li,2025-10-31,21:27:45,-07:00,2025-10-31T21:27:45-07:00,0,28
projects\projects.js,83,js,cb9d6a2a,Keilani Li,2025-10-31,21:27:45,-07:00,2025-10-31T21:27:45-07:00,0,0
projects\projects.js,84,js,cb9d6a2a,Keilani Li,2025-10-31,21:27:45,-07:00,2025-10-31T21:27:45-07:00,0,53
projects\projects.js,85,js,cb9d6a2a,Keilani Li,2025-10-31,21:27:45,-07:00,2025-10-31T21:27:45-07:00,0,57
projects\projects.js,86,js,cb9d6a2a,Keilani Li,2025-10-31,21:27:45,-07:00,2025-10-31T21:27:45-07:00,0,0
projects\projects.js,87,js,cb9d6a2a,Keilani Li,2025-10-31,21:27:45,-07:00,2025-10-31T21:27:45-07:00,0,58
projects\projects.js,88,js,cb9d6a2a,Keilani Li,2025-10-31,21:27:45,-07:00,2025-10-31T21:27:45-07:00,0,67
projects\projects.js,89,js,cb9d6a2a,Keilani Li,2025-10-31,21:27:45,-07:00,2025-10-31T21:27:45-07:00,0,37
projects\projects.js,90,js,cb9d6a2a,Keilani Li,2025-10-31,21:27:45,-07:00,2025-10-31T21:27:45-07:00,0,8
projects\projects.js,91,js,cb9d6a2a,Keilani Li,2025-10-31,21:27:45,-07:00,2025-10-31T21:27:45-07:00,0,0
projects\projects.js,92,js,cb9d6a2a,Keilani Li,2025-10-31,21:27:45,-07:00,2025-10-31T21:27:45-07:00,0,47
projects\projects.js,93,js,cb9d6a2a,Keilani Li,2025-10-31,21:27:45,-07:00,2025-10-31T21:27:45-07:00,0,63
projects\projects.js,94,js,cb9d6a2a,Keilani Li,2025-10-31,21:27:45,-07:00,2025-10-31T21:27:45-07:00,0,38
projects\projects.js,95,js,cb9d6a2a,Keilani Li,2025-10-31,21:27:45,-07:00,2025-10-31T21:27:45-07:00,0,6
projects\projects.js,96,js,cb9d6a2a,Keilani Li,2025-10-31,21:27:45,-07:00,2025-10-31T21:27:45-07:00,0,2
projects\projects.js,97,js,cb9d6a2a,Keilani Li,2025-10-31,21:27:45,-07:00,2025-10-31T21:27:45-07:00,0,0
projects\projects.js,98,js,cb9d6a2a,Keilani Li,2025-10-31,21:27:45,-07:00,2025-10-31T21:27:45-07:00,0,12
projects\projects.js,99,js,cb9d6a2a,Keilani Li,2025-10-31,21:27:45,-07:00,2025-10-31T21:27:45-07:00,0,0
projects\projects.js,100,js,cb9d6a2a,Keilani Li,2025-10-31,21:27:45,-07:00,2025-10-31T21:27:45-07:00,0,0
projects\projects.js,101,js,5a0aa147,Keilani Li,2025-10-22,18:28:25,-07:00,2025-10-22T18:28:25-07:00,0,55
projects\projects.js,102,js,394d6ba3,Keilani Li,2025-10-29,16:38:20,-07:00,2025-10-29T16:38:20-07:00,0,63
projects\projects.js,103,js,5a0aa147,Keilani Li,2025-10-22,18:28:25,-07:00,2025-10-22T18:28:25-07:00,0,0
projects\projects.js,104,js,cb9d6a2a,Keilani Li,2025-10-31,21:27:45,-07:00,2025-10-31T21:27:45-07:00,0,55
projects\projects.js,105,js,cb9d6a2a,Keilani Li,2025-10-31,21:27:45,-07:00,2025-10-31T21:27:45-07:00,0,60
projects\projects.js,106,js,b3081ca7,Keilani Li,2025-10-31,19:09:28,-07:00,2025-10-31T19:09:28-07:00,0,0
projects\projects.js,107,js,cb9d6a2a,Keilani Li,2025-10-31,21:27:45,-07:00,2025-10-31T21:27:45-07:00,0,21
projects\projects.js,108,js,8bcb9eae,Keilani Li,2025-10-29,22:13:16,-07:00,2025-10-29T22:13:16-07:00,0,0
projects\projects.js,109,js,cb9d6a2a,Keilani Li,2025-10-31,21:27:45,-07:00,2025-10-31T21:27:45-07:00,0,13
projects\projects.js,110,js,cb9d6a2a,Keilani Li,2025-10-31,21:27:45,-07:00,2025-10-31T21:27:45-07:00,0,55
projects\projects.js,111,js,8bcb9eae,Keilani Li,2025-10-29,22:13:16,-07:00,2025-10-29T22:13:16-07:00,0,0
projects\projects.js,112,js,cb9d6a2a,Keilani Li,2025-10-31,21:27:45,-07:00,2025-10-31T21:27:45-07:00,0,38
projects\projects.js,113,js,cb9d6a2a,Keilani Li,2025-10-31,21:27:45,-07:00,2025-10-31T21:27:45-07:00,1,50
projects\projects.js,114,js,cb9d6a2a,Keilani Li,2025-10-31,21:27:45,-07:00,2025-10-31T21:27:45-07:00,1,43
projects\projects.js,115,js,cb9d6a2a,Keilani Li,2025-10-31,21:27:45,-07:00,2025-10-31T21:27:45-07:00,0,0
projects\projects.js,116,js,cb9d6a2a,Keilani Li,2025-10-31,21:27:45,-07:00,2025-10-31T21:27:45-07:00,1,28
projects\projects.js,117,js,cb9d6a2a,Keilani Li,2025-10-31,21:27:45,-07:00,2025-10-31T21:27:45-07:00,2,12
projects\projects.js,118,js,cb9d6a2a,Keilani Li,2025-10-31,21:27:45,-07:00,2025-10-31T21:27:45-07:00,2,14
projects\projects.js,119,js,cb9d6a2a,Keilani Li,2025-10-31,21:27:45,-07:00,2025-10-31T21:27:45-07:00,2,11
projects\projects.js,120,js,cb9d6a2a,Keilani Li,2025-10-31,21:27:45,-07:00,2025-10-31T21:27:45-07:00,1,0
projects\projects.js,121,js,cb9d6a2a,Keilani Li,2025-10-31,21:27:45,-07:00,2025-10-31T21:27:45-07:00,0,0
projects\projects.js,122,js,cb9d6a2a,Keilani Li,2025-10-31,21:27:45,-07:00,2025-10-31T21:27:45-07:00,1,78
projects\projects.js,123,js,cb9d6a2a,Keilani Li,2025-10-31,21:27:45,-07:00,2025-10-31T21:27:45-07:00,0,0
projects\projects.js,124,js,cb9d6a2a,Keilani Li,2025-10-31,21:27:45,-07:00,2025-10-31T21:27:45-07:00,1,52
projects\projects.js,125,js,cb9d6a2a,Keilani Li,2025-10-31,21:27:45,-07:00,2025-10-31T21:27:45-07:00,1,35
projects\projects.js,126,js,cb9d6a2a,Keilani Li,2025-10-31,21:27:45,-07:00,2025-10-31T21:27:45-07:00,1,59
projects\projects.js,127,js,cb9d6a2a,Keilani Li,2025-10-31,21:27:45,-07:00,2025-10-31T21:27:45-07:00,1,47
projects\projects.js,128,js,cb9d6a2a,Keilani Li,2025-10-31,21:27:45,-07:00,2025-10-31T21:27:45-07:00,0,0
projects\projects.js,129,js,cb9d6a2a,Keilani Li,2025-10-31,21:27:45,-07:00,2025-10-31T21:27:45-07:00,1,49
projects\projects.js,130,js,cb9d6a2a,Keilani Li,2025-10-31,21:27:45,-07:00,2025-10-31T21:27:45-07:00,0,0
projects\projects.js,131,js,cb9d6a2a,Keilani Li,2025-10-31,21:27:45,-07:00,2025-10-31T21:27:45-07:00,1,26
projects\projects.js,132,js,cb9d6a2a,Keilani Li,2025-10-31,21:27:45,-07:00,2025-10-31T21:27:45-07:00,2,25
projects\projects.js,133,js,cb9d6a2a,Keilani Li,2025-10-31,21:27:45,-07:00,2025-10-31T21:27:45-07:00,3,13
projects\projects.js,134,js,cb9d6a2a,Keilani Li,2025-10-31,21:27:45,-07:00,2025-10-31T21:27:45-07:00,3,13
projects\projects.js,135,js,cb9d6a2a,Keilani Li,2025-10-31,21:27:45,-07:00,2025-10-31T21:27:45-07:00,3,25
projects\projects.js,136,js,cb9d6a2a,Keilani Li,2025-10-31,21:27:45,-07:00,2025-10-31T21:27:45-07:00,1,1
projects\projects.js,137,js,8bcb9eae,Keilani Li,2025-10-29,22:13:16,-07:00,2025-10-29T22:13:16-07:00,0,0
projects\projects.js,138,js,cb9d6a2a,Keilani Li,2025-10-31,21:27:45,-07:00,2025-10-31T21:27:45-07:00,1,34
projects\projects.js,139,js,cb9d6a2a,Keilani Li,2025-10-31,21:27:45,-07:00,2025-10-31T21:27:45-07:00,1,24
projects\projects.js,140,js,cb9d6a2a,Keilani Li,2025-10-31,21:27:45,-07:00,2025-10-31T21:27:45-07:00,2,4
projects\projects.js,141,js,cb9d6a2a,Keilani Li,2025-10-31,21:27:45,-07:00,2025-10-31T21:27:45-07:00,3,11
projects\projects.js,142,js,cb9d6a2a,Keilani Li,2025-10-31,21:27:45,-07:00,2025-10-31T21:27:45-07:00,3,38
projects\projects.js,143,js,cb9d6a2a,Keilani Li,2025-10-31,21:27:45,-07:00,2025-10-31T21:27:45-07:00,3,69
projects\projects.js,144,js,cb9d6a2a,Keilani Li,2025-10-31,21:27:45,-07:00,2025-10-31T21:27:45-07:00,1,1
projects\projects.js,145,js,8bcb9eae,Keilani Li,2025-10-29,22:13:16,-07:00,2025-10-29T22:13:16-07:00,0,0
projects\projects.js,146,js,cb9d6a2a,Keilani Li,2025-10-31,21:27:45,-07:00,2025-10-31T21:27:45-07:00,1,50
projects\projects.js,147,js,cb9d6a2a,Keilani Li,2025-10-31,21:27:45,-07:00,2025-10-31T21:27:45-07:00,2,49
projects\projects.js,148,js,cb9d6a2a,Keilani Li,2025-10-31,21:27:45,-07:00,2025-10-31T21:27:45-07:00,2,44
projects\projects.js,149,js,cb9d6a2a,Keilani Li,2025-10-31,21:27:45,-07:00,2025-10-31T21:27:45-07:00,3,61
projects\projects.js,150,js,cb9d6a2a,Keilani Li,2025-10-31,21:27:45,-07:00,2025-10-31T21:27:45-07:00,3,24
projects\projects.js,151,js,b3081ca7,Keilani Li,2025-10-31,19:09:28,-07:00,2025-10-31T19:09:28-07:00,2,1
projects\projects.js,152,js,8bcb9eae,Keilani Li,2025-10-29,22:13:16,-07:00,2025-10-29T22:13:16-07:00,0,0
projects\projects.js,153,js,cb9d6a2a,Keilani Li,2025-10-31,21:27:45,-07:00,2025-10-31T21:27:45-07:00,2,14
projects\projects.js,154,js,cb9d6a2a,Keilani Li,2025-10-31,21:27:45,-07:00,2025-10-31T21:27:45-07:00,3,25
projects\projects.js,155,js,cb9d6a2a,Keilani Li,2025-10-31,21:27:45,-07:00,2025-10-31T21:27:45-07:00,4,7
projects\projects.js,156,js,cb9d6a2a,Keilani Li,2025-10-31,21:27:45,-07:00,2025-10-31T21:27:45-07:00,4,70
projects\projects.js,157,js,cb9d6a2a,Keilani Li,2025-10-31,21:27:45,-07:00,2025-10-31T21:27:45-07:00,0,0
projects\projects.js,158,js,cb9d6a2a,Keilani Li,2025-10-31,21:27:45,-07:00,2025-10-31T21:27:45-07:00,2,48
projects\projects.js,159,js,cb9d6a2a,Keilani Li,2025-10-31,21:27:45,-07:00,2025-10-31T21:27:45-07:00,2,22
projects\projects.js,160,js,b3081ca7,Keilani Li,2025-10-31,19:09:28,-07:00,2025-10-31T19:09:28-07:00,1,0
projects\projects.js,161,js,b3081ca7,Keilani Li,2025-10-31,19:09:28,-07:00,2025-10-31T19:09:28-07:00,0,0
projects\projects.js,162,js,cb9d6a2a,Keilani Li,2025-10-31,21:27:45,-07:00,2025-10-31T21:27:45-07:00,1,61
projects\projects.js,163,js,cb9d6a2a,Keilani Li,2025-10-31,21:27:45,-07:00,2025-10-31T21:27:45-07:00,1,53
projects\projects.js,164,js,051fe930,Keilani Li,2025-10-22,18:19:16,-07:00,2025-10-22T18:19:16-07:00,0,0
projects\projects.js,165,js,cb9d6a2a,Keilani Li,2025-10-31,21:27:45,-07:00,2025-10-31T21:27:45-07:00,1,100
projects\projects.js,166,js,cb9d6a2a,Keilani Li,2025-10-31,21:27:45,-07:00,2025-10-31T21:27:45-07:00,1,101
projects\projects.js,167,js,2e91f0bf,Keilani Li,2025-10-29,22:41:43,-07:00,2025-10-29T22:41:43-07:00,0,0
projects\projects.js,168,js,cb9d6a2a,Keilani Li,2025-10-31,21:27:45,-07:00,2025-10-31T21:27:45-07:00,1,29
projects\projects.js,169,js,cb9d6a2a,Keilani Li,2025-10-31,21:27:45,-07:00,2025-10-31T21:27:45-07:00,2,33
projects\projects.js,170,js,cb9d6a2a,Keilani Li,2025-10-31,21:27:45,-07:00,2025-10-31T21:27:45-07:00,3,43
projects\projects.js,171,js,cb9d6a2a,Keilani Li,2025-10-31,21:27:45,-07:00,2025-10-31T21:27:45-07:00,3,61
projects\projects.js,172,js,cb9d6a2a,Keilani Li,2025-10-31,21:27:45,-07:00,2025-10-31T21:27:45-07:00,3,31
projects\projects.js,173,js,b3081ca7,Keilani Li,2025-10-31,19:09:28,-07:00,2025-10-31T19:09:28-07:00,2,1
projects\projects.js,174,js,cb9d6a2a,Keilani Li,2025-10-31,21:27:45,-07:00,2025-10-31T21:27:45-07:00,1,1
projects\projects.js,175,js,2e91f0bf,Keilani Li,2025-10-29,22:41:43,-07:00,2025-10-29T22:41:43-07:00,0,0
projects\projects.js,176,js,cb9d6a2a,Keilani Li,2025-10-31,21:27:45,-07:00,2025-10-31T21:27:45-07:00,1,30
projects\projects.js,177,js,cb9d6a2a,Keilani Li,2025-10-31,21:27:45,-07:00,2025-10-31T21:27:45-07:00,2,33
projects\projects.js,178,js,cb9d6a2a,Keilani Li,2025-10-31,21:27:45,-07:00,2025-10-31T21:27:45-07:00,3,43
projects\projects.js,179,js,cb9d6a2a,Keilani Li,2025-10-31,21:27:45,-07:00,2025-10-31T21:27:45-07:00,3,61
projects\projects.js,180,js,cb9d6a2a,Keilani Li,2025-10-31,21:27:45,-07:00,2025-10-31T21:27:45-07:00,3,31
projects\projects.js,181,js,cb9d6a2a,Keilani Li,2025-10-31,21:27:45,-07:00,2025-10-31T21:27:45-07:00,2,1
projects\projects.js,182,js,b3081ca7,Keilani Li,2025-10-31,19:09:28,-07:00,2025-10-31T19:09:28-07:00,1,1
projects\projects.js,183,js,b3081ca7,Keilani Li,2025-10-31,19:09:28,-07:00,2025-10-31T19:09:28-07:00,0,0
projects\projects.js,184,js,2e91f0bf,Keilani Li,2025-10-29,22:41:43,-07:00,2025-10-29T22:41:43-07:00,0,0
projects\projects.js,185,js,cb9d6a2a,Keilani Li,2025-10-31,21:27:45,-07:00,2025-10-31T21:27:45-07:00,0,13
projects\projects.js,186,js,cb9d6a2a,Keilani Li,2025-10-31,21:27:45,-07:00,2025-10-31T21:27:45-07:00,1,61
projects\projects.js,187,js,cb9d6a2a,Keilani Li,2025-10-31,21:27:45,-07:00,2025-10-31T21:27:45-07:00,1,35
projects\projects.js,188,js,cb9d6a2a,Keilani Li,2025-10-31,21:27:45,-07:00,2025-10-31T21:27:45-07:00,1,17
projects\projects.js,189,js,cb9d6a2a,Keilani Li,2025-10-31,21:27:45,-07:00,2025-10-31T21:27:45-07:00,2,54
projects\projects.js,190,js,cb9d6a2a,Keilani Li,2025-10-31,21:27:45,-07:00,2025-10-31T21:27:45-07:00,1,0
projects\projects.js,191,js,cb9d6a2a,Keilani Li,2025-10-31,21:27:45,-07:00,2025-10-31T21:27:45-07:00,1,48
projects\projects.js,192,js,cb9d6a2a,Keilani Li,2025-10-31,21:27:45,-07:00,2025-10-31T21:27:45-07:00,1,23
projects\projects.js,193,js,cb9d6a2a,Keilani Li,2025-10-31,21:27:45,-07:00,2025-10-31T21:27:45-07:00,0,6
projects\projects.js,194,js,cb9d6a2a,Keilani Li,2025-10-31,21:27:45,-07:00,2025-10-31T21:27:45-07:00,1,50
projects\projects.js,195,js,cb9d6a2a,Keilani Li,2025-10-31,21:27:45,-07:00,2025-10-31T21:27:45-07:00,0,0
projects\projects.js,196,js,cb9d6a2a,Keilani Li,2025-10-31,21:27:45,-07:00,2025-10-31T21:27:45-07:00,0,0
projects\projects.js,197,js,cb9d6a2a,Keilani Li,2025-10-31,21:27:45,-07:00,2025-10-31T21:27:45-07:00,0,48
projects\projects.js,198,js,cb9d6a2a,Keilani Li,2025-10-31,21:27:45,-07:00,2025-10-31T21:27:45-07:00,1,25
projects\projects.js,199,js,cb9d6a2a,Keilani Li,2025-10-31,21:27:45,-07:00,2025-10-31T21:27:45-07:00,0,0
projects\projects.js,200,js,cb9d6a2a,Keilani Li,2025-10-31,21:27:45,-07:00,2025-10-31T21:27:45-07:00,1,53
projects\projects.js,201,js,cb9d6a2a,Keilani Li,2025-10-31,21:27:45,-07:00,2025-10-31T21:27:45-07:00,2,61
projects\projects.js,202,js,cb9d6a2a,Keilani Li,2025-10-31,21:27:45,-07:00,2025-10-31T21:27:45-07:00,2,42
projects\projects.js,203,js,cb9d6a2a,Keilani Li,2025-10-31,21:27:45,-07:00,2025-10-31T21:27:45-07:00,1,1
projects\projects.js,204,js,cb9d6a2a,Keilani Li,2025-10-31,21:27:45,-07:00,2025-10-31T21:27:45-07:00,0,0
projects\projects.js,205,js,cb9d6a2a,Keilani Li,2025-10-31,21:27:45,-07:00,2025-10-31T21:27:45-07:00,1,56
projects\projects.js,206,js,cb9d6a2a,Keilani Li,2025-10-31,21:27:45,-07:00,2025-10-31T21:27:45-07:00,1,31
projects\projects.js,207,js,cb9d6a2a,Keilani Li,2025-10-31,21:27:45,-07:00,2025-10-31T21:27:45-07:00,0,1
projects\projects.js,208,js,cb9d6a2a,Keilani Li,2025-10-31,21:27:45,-07:00,2025-10-31T21:27:45-07:00,0,0
projects\index.html,1,html,1180d286,Keilani Li,2025-09-29,23:07:02,-07:00,2025-09-29T23:07:02-07:00,0,13
projects\index.html,2,html,1180d286,Keilani Li,2025-09-29,23:07:02,-07:00,2025-09-29T23:07:02-07:00,0,14
projects\index.html,3,html,1180d286,Keilani Li,2025-09-29,23:07:02,-07:00,2025-09-29T23:07:02-07:00,0,4
projects\index.html,4,html,1180d286,Keilani Li,2025-09-29,23:07:02,-07:00,2025-09-29T23:07:02-07:00,2,20
projects\index.html,5,html,1180d286,Keilani Li,2025-09-29,23:07:02,-07:00,2025-09-29T23:07:02-07:00,2,68
projects\index.html,6,html,68ffe1bb,Keilani Li,2025-10-15,20:31:50,-07:00,2025-10-15T20:31:50-07:00,2,21
projects\index.html,7,html,2ce849c5,Keilani Li,2025-09-30,00:26:03,-07:00,2025-09-30T00:26:03-07:00,2,45
projects\index.html,8,html,708cfec6,Keilani Li,2025-10-13,15:20:17,-07:00,2025-10-13T15:20:17-07:00,2,52
projects\index.html,9,html,b2a26a10,Keilani Li,2025-10-22,17:16:29,-07:00,2025-10-22T17:16:29-07:00,2,51
projects\index.html,10,html,1180d286,Keilani Li,2025-09-29,23:07:02,-07:00,2025-09-29T23:07:02-07:00,0,5
projects\index.html,11,html,1180d286,Keilani Li,2025-09-29,23:07:02,-07:00,2025-09-29T23:07:02-07:00,0,4
projects\index.html,12,html,5a0aa147,Keilani Li,2025-10-22,18:28:25,-07:00,2025-10-22T18:28:25-07:00,2,40
projects\index.html,13,html,c47e2628,Keilani Li,2025-09-30,00:50:27,-07:00,2025-09-30T00:50:27-07:00,0,0
projects\index.html,14,html,9d3f0189,Keilani Li,2025-10-29,21:49:44,-07:00,2025-10-29T21:49:44-07:00,2,23
projects\index.html,15,html,398d2267,Keilani Li,2025-10-31,19:24:58,-07:00,2025-10-31T19:24:58-07:00,4,108
projects\index.html,16,html,cb9d6a2a,Keilani Li,2025-10-31,21:27:45,-07:00,2025-10-31T21:27:45-07:00,4,58
projects\index.html,17,html,398d2267,Keilani Li,2025-10-31,19:24:58,-07:00,2025-10-31T19:24:58-07:00,4,24
projects\index.html,18,html,9d3f0189,Keilani Li,2025-10-29,21:49:44,-07:00,2025-10-29T21:49:44-07:00,2,4
projects\index.html,19,html,9d3f0189,Keilani Li,2025-10-29,21:49:44,-07:00,2025-10-29T21:49:44-07:00,0,0
projects\index.html,20,html,c88af38a,Keilani Li,2025-10-22,18:31:53,-07:00,2025-10-22T18:31:53-07:00,2,26
projects\index.html,21,html,699c94b6,Keilani Li,2025-10-29,16:06:51,-07:00,2025-10-29T16:06:51-07:00,0,0
projects\index.html,22,html,1180d286,Keilani Li,2025-09-29,23:07:02,-07:00,2025-09-29T23:07:02-07:00,0,5
projects\index.html,23,html,1180d286,Keilani Li,2025-09-29,23:07:02,-07:00,2025-09-29T23:07:02-07:00,0,5
meta\index.html,1,html,c1398355,Keilani Li,2025-11-06,16:38:30,-08:00,2025-11-06T16:38:30-08:00,0,13
meta\index.html,2,html,c1398355,Keilani Li,2025-11-06,16:38:30,-08:00,2025-11-06T16:38:30-08:00,0,14
meta\index.html,3,html,c1398355,Keilani Li,2025-11-06,16:38:30,-08:00,2025-11-06T16:38:30-08:00,0,4
meta\index.html,4,html,c1398355,Keilani Li,2025-11-06,16:38:30,-08:00,2025-11-06T16:38:30-08:00,2,20
meta\index.html,5,html,c1398355,Keilani Li,2025-11-06,16:38:30,-08:00,2025-11-06T16:38:30-08:00,2,68
meta\index.html,6,html,c1398355,Keilani Li,2025-11-06,16:38:30,-08:00,2025-11-06T16:38:30-08:00,2,17
meta\index.html,7,html,0f85ab92,Keilani Li,2025-11-06,16:40:08,-08:00,2025-11-06T16:40:08-08:00,2,45
meta\index.html,8,html,0f85ab92,Keilani Li,2025-11-06,16:40:08,-08:00,2025-11-06T16:40:08-08:00,2,52
meta\index.html,9,html,0f85ab92,Keilani Li,2025-11-06,16:40:08,-08:00,2025-11-06T16:40:08-08:00,2,51
meta\index.html,10,html,c1398355,Keilani Li,2025-11-06,16:38:30,-08:00,2025-11-06T16:38:30-08:00,0,5
meta\index.html,11,html,c1398355,Keilani Li,2025-11-06,16:38:30,-08:00,2025-11-06T16:38:30-08:00,0,4
meta\index.html,12,html,c1398355,Keilani Li,2025-11-06,16:38:30,-08:00,2025-11-06T16:38:30-08:00,2,11
meta\index.html,13,html,c1398355,Keilani Li,2025-11-06,16:38:30,-08:00,2025-11-06T16:38:30-08:00,2,32
meta\index.html,14,html,c1398355,Keilani Li,2025-11-06,16:38:30,-08:00,2025-11-06T16:38:30-08:00,0,5
meta\index.html,15,html,c1398355,Keilani Li,2025-11-06,16:38:30,-08:00,2025-11-06T16:38:30-08:00,0,5
contact\index.html,1,html,a8399719,Keilani Li,2025-09-29,23:25:13,-07:00,2025-09-29T23:25:13-07:00,0,13
contact\index.html,2,html,a8399719,Keilani Li,2025-09-29,23:25:13,-07:00,2025-09-29T23:25:13-07:00,0,14
contact\index.html,3,html,a8399719,Keilani Li,2025-09-29,23:25:13,-07:00,2025-09-29T23:25:13-07:00,0,4
contact\index.html,4,html,a8399719,Keilani Li,2025-09-29,23:25:13,-07:00,2025-09-29T23:25:13-07:00,2,20
contact\index.html,5,html,a8399719,Keilani Li,2025-09-29,23:25:13,-07:00,2025-09-29T23:25:13-07:00,2,68
contact\index.html,6,html,68ffe1bb,Keilani Li,2025-10-15,20:31:50,-07:00,2025-10-15T20:31:50-07:00,2,20
contact\index.html,7,html,2ce849c5,Keilani Li,2025-09-30,00:26:03,-07:00,2025-09-30T00:26:03-07:00,2,45
contact\index.html,8,html,708cfec6,Keilani Li,2025-10-13,15:20:17,-07:00,2025-10-13T15:20:17-07:00,2,52
contact\index.html,9,html,a8399719,Keilani Li,2025-09-29,23:25:13,-07:00,2025-09-29T23:25:13-07:00,0,5
contact\index.html,10,html,a8399719,Keilani Li,2025-09-29,23:25:13,-07:00,2025-09-29T23:25:13-07:00,0,4
contact\index.html,11,html,c47e2628,Keilani Li,2025-09-30,00:50:27,-07:00,2025-09-30T00:50:27-07:00,2,14
contact\index.html,12,html,398d2267,Keilani Li,2025-10-31,19:24:58,-07:00,2025-10-31T19:24:58-07:00,2,0
contact\index.html,13,html,613db3cb,Keilani Li,2025-10-15,20:11:58,-07:00,2025-10-15T20:11:58-07:00,2,36
contact\index.html,14,html,dbfeb99b,Keilani Li,2025-10-08,21:23:08,-07:00,2025-10-08T21:23:08-07:00,0,0
contact\index.html,15,html,ec06bc31,Keilani Li,2025-10-01,11:19:39,-07:00,2025-10-01T11:19:39-07:00,4,29
contact\index.html,16,html,ed5e3a31,Keilani Li,2025-10-22,20:16:54,-07:00,2025-10-22T20:16:54-07:00,6,47
contact\index.html,17,html,ec06bc31,Keilani Li,2025-10-01,11:19:39,-07:00,2025-10-01T11:19:39-07:00,4,6
contact\index.html,18,html,dbfeb99b,Keilani Li,2025-10-08,21:23:08,-07:00,2025-10-08T21:23:08-07:00,0,0
contact\index.html,19,html,613db3cb,Keilani Li,2025-10-15,20:11:58,-07:00,2025-10-15T20:11:58-07:00,4,26
contact\index.html,20,html,ed5e3a31,Keilani Li,2025-10-22,20:16:54,-07:00,2025-10-22T20:16:54-07:00,6,65
contact\index.html,21,html,ec06bc31,Keilani Li,2025-10-01,11:19:39,-07:00,2025-10-01T11:19:39-07:00,4,6
contact\index.html,22,html,dbfeb99b,Keilani Li,2025-10-08,21:23:08,-07:00,2025-10-08T21:23:08-07:00,0,0
contact\index.html,23,html,607dceb4,Keilani Li,2025-10-22,20:53:59,-07:00,2025-10-22T20:53:59-07:00,4,19
contact\index.html,24,html,e0a0fa35,Keilani Li,2025-09-29,23:49:58,-07:00,2025-09-29T23:49:58-07:00,2,5
contact\index.html,25,html,613db3cb,Keilani Li,2025-10-15,20:11:58,-07:00,2025-10-15T20:11:58-07:00,0,0
contact\index.html,26,html,613db3cb,Keilani Li,2025-10-15,20:11:58,-07:00,2025-10-15T20:11:58-07:00,2,6
contact\index.html,27,html,613db3cb,Keilani Li,2025-10-15,20:11:58,-07:00,2025-10-15T20:11:58-07:00,4,42
contact\index.html,28,html,613db3cb,Keilani Li,2025-10-15,20:11:58,-07:00,2025-10-15T20:11:58-07:00,0,0
contact\index.html,29,html,613db3cb,Keilani Li,2025-10-15,20:11:58,-07:00,2025-10-15T20:11:58-07:00,4,34
contact\index.html,30,html,613db3cb,Keilani Li,2025-10-15,20:11:58,-07:00,2025-10-15T20:11:58-07:00,4,48
contact\index.html,31,html,613db3cb,Keilani Li,2025-10-15,20:11:58,-07:00,2025-10-15T20:11:58-07:00,6,57
contact\index.html,32,html,613db3cb,Keilani Li,2025-10-15,20:11:58,-07:00,2025-10-15T20:11:58-07:00,6,30
contact\index.html,33,html,613db3cb,Keilani Li,2025-10-15,20:11:58,-07:00,2025-10-15T20:11:58-07:00,6,16
contact\index.html,34,html,613db3cb,Keilani Li,2025-10-15,20:11:58,-07:00,2025-10-15T20:11:58-07:00,0,0
contact\index.html,35,html,613db3cb,Keilani Li,2025-10-15,20:11:58,-07:00,2025-10-15T20:11:58-07:00,6,31
contact\index.html,36,html,613db3cb,Keilani Li,2025-10-15,20:11:58,-07:00,2025-10-15T20:11:58-07:00,8,17
contact\index.html,37,html,205e349d,Keilani Li,2025-10-15,20:46:13,-07:00,2025-10-15T20:46:13-07:00,8,50
contact\index.html,38,html,613db3cb,Keilani Li,2025-10-15,20:11:58,-07:00,2025-10-15T20:11:58-07:00,6,0
contact\index.html,39,html,613db3cb,Keilani Li,2025-10-15,20:11:58,-07:00,2025-10-15T20:11:58-07:00,6,29
contact\index.html,40,html,613db3cb,Keilani Li,2025-10-15,20:11:58,-07:00,2025-10-15T20:11:58-07:00,6,36
contact\index.html,41,html,613db3cb,Keilani Li,2025-10-15,20:11:58,-07:00,2025-10-15T20:11:58-07:00,0,0
contact\index.html,42,html,613db3cb,Keilani Li,2025-10-15,20:11:58,-07:00,2025-10-15T20:11:58-07:00,6,18
contact\index.html,43,html,613db3cb,Keilani Li,2025-10-15,20:11:58,-07:00,2025-10-15T20:11:58-07:00,4,1
contact\index.html,44,html,613db3cb,Keilani Li,2025-10-15,20:11:58,-07:00,2025-10-15T20:11:58-07:00,2,7
contact\index.html,45,html,613db3cb,Keilani Li,2025-10-15,20:11:58,-07:00,2025-10-15T20:11:58-07:00,0,0
contact\index.html,46,html,a8399719,Keilani Li,2025-09-29,23:25:13,-07:00,2025-09-29T23:25:13-07:00,0,5
contact\index.html,47,html,a8399719,Keilani Li,2025-09-29,23:25:13,-07:00,2025-09-29T23:25:13-07:00,0,5
